USE vk;

-- insert users

INSERT INTO `users` (`id`, `email`, `phone`, `created_at`, `updated_at`) VALUES (1, 'roob.taylor@example.org', '1-924-200-4930', '1996-12-16 09:09:24', '1977-01-04 01:42:44');
INSERT INTO `users` (`id`, `email`, `phone`, `created_at`, `updated_at`) VALUES (2, 'eino.christiansen@example.com', '114.334.0111', '2003-04-05 21:21:41', '2004-12-14 07:30:58');
INSERT INTO `users` (`id`, `email`, `phone`, `created_at`, `updated_at`) VALUES (3, 'uchristiansen@example.net', '100.601.4676x06461', '1974-09-22 21:03:31', '2003-03-27 00:41:30');
INSERT INTO `users` (`id`, `email`, `phone`, `created_at`, `updated_at`) VALUES (4, 'cecelia.lakin@example.net', '350-774-1991', '1978-07-13 04:14:40', '1986-04-20 16:23:54');
INSERT INTO `users` (`id`, `email`, `phone`, `created_at`, `updated_at`) VALUES (5, 'rocky.beier@example.org', '(449)656-7385x3363', '1983-03-01 15:36:24', '1993-10-30 23:11:55');
INSERT INTO `users` (`id`, `email`, `phone`, `created_at`, `updated_at`) VALUES (6, 'euna34@example.com', '(607)933-2223x39663', '2004-07-02 16:17:50', '2015-10-18 12:45:49');
INSERT INTO `users` (`id`, `email`, `phone`, `created_at`, `updated_at`) VALUES (7, 'dino.jaskolski@example.org', '090.107.1740x1249', '2018-08-16 10:39:56', '1976-04-07 01:07:38');
INSERT INTO `users` (`id`, `email`, `phone`, `created_at`, `updated_at`) VALUES (8, 'denesik.hershel@example.org', '(019)930-4381x046', '1970-11-15 19:18:15', '2000-05-05 12:33:43');
INSERT INTO `users` (`id`, `email`, `phone`, `created_at`, `updated_at`) VALUES (9, 'caden28@example.org', '309.946.5611x11409', '1990-07-19 09:15:45', '1987-05-03 11:37:29');
INSERT INTO `users` (`id`, `email`, `phone`, `created_at`, `updated_at`) VALUES (10, 'stephen98@example.org', '04736390185', '2003-09-30 10:16:52', '2004-04-27 03:57:00');
INSERT INTO `users` (`id`, `email`, `phone`, `created_at`, `updated_at`) VALUES (11, 'howell.simeon@example.org', '(945)079-5042', '2000-01-25 08:48:38', '2010-05-27 10:18:09');
INSERT INTO `users` (`id`, `email`, `phone`, `created_at`, `updated_at`) VALUES (12, 'abeahan@example.org', '357.842.5132x493', '1993-02-26 09:41:01', '2019-08-08 21:29:09');
INSERT INTO `users` (`id`, `email`, `phone`, `created_at`, `updated_at`) VALUES (13, 'filomena.sawayn@example.com', '+35(1)8404816774', '2020-07-11 08:30:33', '1999-05-12 09:39:31');
INSERT INTO `users` (`id`, `email`, `phone`, `created_at`, `updated_at`) VALUES (14, 'hartmann.jeromy@example.net', '(763)593-3311', '2011-11-06 11:03:34', '2005-06-03 23:05:03');
INSERT INTO `users` (`id`, `email`, `phone`, `created_at`, `updated_at`) VALUES (15, 'jhermiston@example.com', '00537725118', '2020-10-26 15:03:56', '2005-08-12 16:12:30');
INSERT INTO `users` (`id`, `email`, `phone`, `created_at`, `updated_at`) VALUES (16, 'rtowne@example.net', '(875)501-5082', '1997-07-25 21:42:44', '2010-01-08 13:41:23');
INSERT INTO `users` (`id`, `email`, `phone`, `created_at`, `updated_at`) VALUES (17, 'bhowe@example.org', '(816)671-0711x14204', '2018-11-28 09:14:12', '1988-08-30 06:08:16');
INSERT INTO `users` (`id`, `email`, `phone`, `created_at`, `updated_at`) VALUES (18, 'georgette45@example.org', '734.387.8582x976', '1988-04-28 01:27:27', '1983-07-22 13:51:09');
INSERT INTO `users` (`id`, `email`, `phone`, `created_at`, `updated_at`) VALUES (19, 'shane14@example.org', '08269208319', '1996-05-21 18:09:07', '2005-01-14 09:07:52');
INSERT INTO `users` (`id`, `email`, `phone`, `created_at`, `updated_at`) VALUES (20, 'sarina98@example.org', '(394)115-9735', '1980-10-19 12:54:15', '2006-09-07 17:34:18');
INSERT INTO `users` (`id`, `email`, `phone`, `created_at`, `updated_at`) VALUES (21, 'xlehner@example.org', '1-868-925-1485x51850', '2007-07-15 06:02:32', '2011-01-25 01:14:34');
INSERT INTO `users` (`id`, `email`, `phone`, `created_at`, `updated_at`) VALUES (22, 'epacocha@example.org', '567-839-5235x49975', '1975-02-12 06:47:51', '1972-07-29 09:55:11');
INSERT INTO `users` (`id`, `email`, `phone`, `created_at`, `updated_at`) VALUES (23, 'feil.garnett@example.net', '056-413-4137', '1980-10-15 20:43:35', '2002-02-12 22:20:33');
INSERT INTO `users` (`id`, `email`, `phone`, `created_at`, `updated_at`) VALUES (24, 'renner.estefania@example.org', '1-510-058-9848x482', '1999-06-30 16:00:11', '1974-05-11 19:39:01');
INSERT INTO `users` (`id`, `email`, `phone`, `created_at`, `updated_at`) VALUES (25, 'fhilpert@example.com', '453.516.6840x9392', '1995-04-22 23:27:01', '1989-11-14 10:24:51');
INSERT INTO `users` (`id`, `email`, `phone`, `created_at`, `updated_at`) VALUES (26, 'dahlia44@example.net', '204.140.7614', '1998-11-25 00:53:00', '2006-02-19 09:13:54');
INSERT INTO `users` (`id`, `email`, `phone`, `created_at`, `updated_at`) VALUES (27, 'damian.marquardt@example.com', '1-229-463-6539x4390', '1980-03-21 12:47:40', '2000-03-01 11:19:35');
INSERT INTO `users` (`id`, `email`, `phone`, `created_at`, `updated_at`) VALUES (28, 'goldner.lenna@example.org', '(517)920-2112x47377', '1971-07-21 11:10:21', '1995-09-17 13:50:51');
INSERT INTO `users` (`id`, `email`, `phone`, `created_at`, `updated_at`) VALUES (29, 'gladys.gutkowski@example.net', '(742)878-0695x049', '2007-02-08 09:57:05', '2006-07-30 13:08:03');
INSERT INTO `users` (`id`, `email`, `phone`, `created_at`, `updated_at`) VALUES (30, 'smills@example.com', '+17(2)4347002475', '1993-10-24 06:21:09', '2021-01-25 19:54:31');
INSERT INTO `users` (`id`, `email`, `phone`, `created_at`, `updated_at`) VALUES (31, 'nikko80@example.com', '1-196-884-2297', '2016-06-11 13:10:31', '2014-02-25 15:46:01');
INSERT INTO `users` (`id`, `email`, `phone`, `created_at`, `updated_at`) VALUES (32, 'christiansen.laron@example.net', '645.785.9044x45384', '2013-07-18 13:49:59', '2006-09-08 13:21:38');
INSERT INTO `users` (`id`, `email`, `phone`, `created_at`, `updated_at`) VALUES (33, 'akemmer@example.net', '1-992-811-5726x797', '2000-02-02 01:29:52', '2002-07-04 07:04:56');
INSERT INTO `users` (`id`, `email`, `phone`, `created_at`, `updated_at`) VALUES (34, 'telly.hudson@example.org', '289.832.2181x243', '1973-05-13 09:34:55', '2018-04-21 06:27:31');
INSERT INTO `users` (`id`, `email`, `phone`, `created_at`, `updated_at`) VALUES (35, 'edwin56@example.org', '453-326-6848', '1992-01-13 16:43:28', '2000-01-12 02:12:55');
INSERT INTO `users` (`id`, `email`, `phone`, `created_at`, `updated_at`) VALUES (36, 'elody14@example.com', '+91(6)2387723476', '1970-06-02 00:06:50', '1986-06-24 22:40:54');
INSERT INTO `users` (`id`, `email`, `phone`, `created_at`, `updated_at`) VALUES (37, 'mary45@example.org', '(483)865-2481x627', '2009-06-16 17:43:27', '2011-02-23 23:26:00');
INSERT INTO `users` (`id`, `email`, `phone`, `created_at`, `updated_at`) VALUES (38, 'flavio41@example.com', '1-272-342-6522x514', '1980-10-20 15:59:19', '1999-03-16 03:01:04');
INSERT INTO `users` (`id`, `email`, `phone`, `created_at`, `updated_at`) VALUES (39, 'daija01@example.com', '590.152.3470', '1996-03-10 13:31:35', '1991-09-17 19:14:47');
INSERT INTO `users` (`id`, `email`, `phone`, `created_at`, `updated_at`) VALUES (40, 'lhodkiewicz@example.net', '(392)860-6554', '2014-06-08 18:05:30', '2003-06-09 10:30:49');
INSERT INTO `users` (`id`, `email`, `phone`, `created_at`, `updated_at`) VALUES (41, 'kerluke.sarai@example.org', '808.808.1978x07107', '1999-04-20 00:46:17', '2009-10-14 08:47:19');
INSERT INTO `users` (`id`, `email`, `phone`, `created_at`, `updated_at`) VALUES (42, 'simone79@example.net', '860-998-3885', '1993-06-26 05:01:20', '1975-08-08 23:53:25');
INSERT INTO `users` (`id`, `email`, `phone`, `created_at`, `updated_at`) VALUES (43, 'flueilwitz@example.org', '(447)360-6876x5466', '1980-08-21 09:09:00', '2002-09-23 19:50:39');
INSERT INTO `users` (`id`, `email`, `phone`, `created_at`, `updated_at`) VALUES (44, 'roxane68@example.org', '438-453-9313', '2012-09-04 22:17:15', '1971-07-12 09:37:14');
INSERT INTO `users` (`id`, `email`, `phone`, `created_at`, `updated_at`) VALUES (45, 'gavin85@example.net', '1-342-421-2367x517', '1979-03-14 01:51:50', '2001-03-30 12:28:33');
INSERT INTO `users` (`id`, `email`, `phone`, `created_at`, `updated_at`) VALUES (46, 'bailee22@example.net', '745-493-7558x6046', '2012-11-12 02:08:43', '2020-09-26 20:12:01');
INSERT INTO `users` (`id`, `email`, `phone`, `created_at`, `updated_at`) VALUES (47, 'dgoyette@example.com', '+71(3)6746740283', '1990-07-10 14:41:17', '2006-09-10 20:45:31');
INSERT INTO `users` (`id`, `email`, `phone`, `created_at`, `updated_at`) VALUES (48, 'louvenia.howe@example.org', '1-300-722-3494', '2011-07-23 06:43:14', '2006-12-30 13:34:50');
INSERT INTO `users` (`id`, `email`, `phone`, `created_at`, `updated_at`) VALUES (49, 'kbednar@example.com', '1-393-758-8687', '1997-04-17 08:09:40', '1982-04-24 04:56:04');
INSERT INTO `users` (`id`, `email`, `phone`, `created_at`, `updated_at`) VALUES (50, 'dlueilwitz@example.net', '343-173-1345x5282', '1980-08-01 06:08:45', '2017-01-09 08:21:26');
INSERT INTO `users` (`id`, `email`, `phone`, `created_at`, `updated_at`) VALUES (51, 'hettinger.xander@example.org', '(752)466-3186x49311', '2021-01-29 06:18:47', '1974-04-23 21:00:09');
INSERT INTO `users` (`id`, `email`, `phone`, `created_at`, `updated_at`) VALUES (52, 'gerald34@example.org', '711.474.7612', '1987-06-26 10:11:35', '2003-08-20 17:39:04');
INSERT INTO `users` (`id`, `email`, `phone`, `created_at`, `updated_at`) VALUES (53, 'alfredo.steuber@example.org', '(652)969-4499x240', '2019-11-09 19:00:25', '1982-09-27 03:45:30');
INSERT INTO `users` (`id`, `email`, `phone`, `created_at`, `updated_at`) VALUES (54, 'marcia96@example.org', '(318)703-1911x986', '1985-12-14 12:02:42', '2014-06-05 11:52:56');
INSERT INTO `users` (`id`, `email`, `phone`, `created_at`, `updated_at`) VALUES (55, 'juvenal.bailey@example.org', '521.700.9455x1483', '1972-08-20 00:55:56', '2011-05-25 17:22:46');
INSERT INTO `users` (`id`, `email`, `phone`, `created_at`, `updated_at`) VALUES (56, 'stark.rigoberto@example.net', '066-183-9857', '1998-10-02 00:02:43', '1999-05-31 02:05:13');
INSERT INTO `users` (`id`, `email`, `phone`, `created_at`, `updated_at`) VALUES (57, 'valentin.dicki@example.net', '020-500-1700', '1975-10-27 09:34:38', '2007-09-15 19:28:35');
INSERT INTO `users` (`id`, `email`, `phone`, `created_at`, `updated_at`) VALUES (58, 'shyann68@example.org', '01548188818', '2007-08-16 19:49:15', '1988-01-31 16:39:05');
INSERT INTO `users` (`id`, `email`, `phone`, `created_at`, `updated_at`) VALUES (59, 'howell.dewitt@example.org', '818-079-7473x23540', '1979-06-10 05:15:54', '1973-07-10 10:10:53');
INSERT INTO `users` (`id`, `email`, `phone`, `created_at`, `updated_at`) VALUES (60, 'geoffrey.bradtke@example.com', '703-933-9904x45715', '1970-01-04 20:03:12', '1993-04-19 05:47:13');
INSERT INTO `users` (`id`, `email`, `phone`, `created_at`, `updated_at`) VALUES (61, 'hand.stevie@example.net', '1-354-801-2862x98706', '1981-11-14 07:18:40', '1985-10-12 07:33:56');
INSERT INTO `users` (`id`, `email`, `phone`, `created_at`, `updated_at`) VALUES (62, 'hhammes@example.com', '01583197038', '1994-05-15 01:33:11', '1970-09-01 19:54:50');
INSERT INTO `users` (`id`, `email`, `phone`, `created_at`, `updated_at`) VALUES (63, 'miles73@example.com', '1-794-112-5913x09657', '1987-11-07 00:04:50', '1973-01-23 15:09:56');
INSERT INTO `users` (`id`, `email`, `phone`, `created_at`, `updated_at`) VALUES (64, 'gibson.patsy@example.com', '05454149129', '1970-07-03 06:55:52', '1971-06-01 06:14:29');
INSERT INTO `users` (`id`, `email`, `phone`, `created_at`, `updated_at`) VALUES (65, 'ebahringer@example.com', '1-853-738-3485x6101', '2011-02-08 03:56:17', '1994-05-21 05:34:27');
INSERT INTO `users` (`id`, `email`, `phone`, `created_at`, `updated_at`) VALUES (66, 'antonina.breitenberg@example.com', '638-229-3405x1889', '1970-07-16 19:06:27', '2003-03-01 23:11:23');
INSERT INTO `users` (`id`, `email`, `phone`, `created_at`, `updated_at`) VALUES (67, 'ldonnelly@example.org', '925-844-0965', '2010-01-12 16:10:52', '2007-10-17 21:04:59');
INSERT INTO `users` (`id`, `email`, `phone`, `created_at`, `updated_at`) VALUES (68, 'faye49@example.com', '+64(0)7515033458', '1981-10-19 05:55:29', '1992-07-11 14:48:08');
INSERT INTO `users` (`id`, `email`, `phone`, `created_at`, `updated_at`) VALUES (69, 'vincenza84@example.org', '1-524-281-1073x27291', '1993-01-23 13:34:33', '1987-10-28 22:09:53');
INSERT INTO `users` (`id`, `email`, `phone`, `created_at`, `updated_at`) VALUES (70, 'sabina30@example.net', '228.071.5503x56218', '2019-06-11 15:36:18', '1971-10-06 16:24:43');
INSERT INTO `users` (`id`, `email`, `phone`, `created_at`, `updated_at`) VALUES (71, 'elyse88@example.org', '910-998-9835', '1993-09-27 11:45:13', '2004-10-25 16:22:37');
INSERT INTO `users` (`id`, `email`, `phone`, `created_at`, `updated_at`) VALUES (72, 'von.alena@example.com', '753-760-2606', '1991-02-23 22:57:35', '1979-02-10 04:23:29');
INSERT INTO `users` (`id`, `email`, `phone`, `created_at`, `updated_at`) VALUES (73, 'briana50@example.com', '1-050-223-1520x128', '1974-08-16 20:00:00', '2014-10-17 20:05:46');
INSERT INTO `users` (`id`, `email`, `phone`, `created_at`, `updated_at`) VALUES (74, 'jaron59@example.net', '04492477332', '1991-09-28 12:10:25', '2004-09-16 07:39:49');
INSERT INTO `users` (`id`, `email`, `phone`, `created_at`, `updated_at`) VALUES (75, 'grace92@example.net', '(367)911-7891x64639', '1985-03-02 01:19:09', '2021-06-15 03:07:01');
INSERT INTO `users` (`id`, `email`, `phone`, `created_at`, `updated_at`) VALUES (76, 'erica.mckenzie@example.org', '400.879.6304x23814', '1976-01-06 06:59:42', '1986-12-26 22:46:37');
INSERT INTO `users` (`id`, `email`, `phone`, `created_at`, `updated_at`) VALUES (77, 'pearline.barrows@example.net', '973-497-2706x5664', '1975-07-19 10:31:50', '1978-02-19 05:26:07');
INSERT INTO `users` (`id`, `email`, `phone`, `created_at`, `updated_at`) VALUES (78, 'johnson.rowland@example.org', '07451277132', '1999-09-07 20:22:08', '1987-08-29 06:55:05');
INSERT INTO `users` (`id`, `email`, `phone`, `created_at`, `updated_at`) VALUES (79, 'sdickinson@example.net', '(778)561-8951', '2020-02-06 07:50:29', '1997-03-01 15:42:58');
INSERT INTO `users` (`id`, `email`, `phone`, `created_at`, `updated_at`) VALUES (80, 'erwin18@example.com', '1-021-096-5648x735', '2002-01-12 16:59:31', '2009-12-31 16:38:04');
INSERT INTO `users` (`id`, `email`, `phone`, `created_at`, `updated_at`) VALUES (81, 'seth.heathcote@example.net', '704.663.2693', '2006-09-27 23:04:54', '2020-07-17 00:16:28');
INSERT INTO `users` (`id`, `email`, `phone`, `created_at`, `updated_at`) VALUES (82, 'xmohr@example.org', '556.509.1983', '1982-11-13 12:45:57', '1998-02-28 13:45:34');
INSERT INTO `users` (`id`, `email`, `phone`, `created_at`, `updated_at`) VALUES (83, 'runolfsson.kaitlyn@example.net', '934.664.4601', '1974-07-30 00:09:04', '1978-11-12 20:45:33');
INSERT INTO `users` (`id`, `email`, `phone`, `created_at`, `updated_at`) VALUES (84, 'jedidiah.graham@example.org', '+62(1)9028059191', '2003-08-27 04:01:17', '1985-12-15 02:28:15');
INSERT INTO `users` (`id`, `email`, `phone`, `created_at`, `updated_at`) VALUES (85, 'adan33@example.org', '745-581-8607x28231', '1982-05-23 15:20:16', '2002-03-12 12:39:01');
INSERT INTO `users` (`id`, `email`, `phone`, `created_at`, `updated_at`) VALUES (86, 'creola.larkin@example.net', '817.184.7378', '1996-02-02 03:31:26', '1975-12-12 08:01:26');
INSERT INTO `users` (`id`, `email`, `phone`, `created_at`, `updated_at`) VALUES (87, 'arvid07@example.org', '04600446639', '2014-08-16 04:41:37', '1998-05-10 20:37:12');
INSERT INTO `users` (`id`, `email`, `phone`, `created_at`, `updated_at`) VALUES (88, 'murray.darron@example.net', '1-882-863-5094', '2011-05-08 08:57:08', '1990-10-06 08:31:21');
INSERT INTO `users` (`id`, `email`, `phone`, `created_at`, `updated_at`) VALUES (89, 'terry18@example.org', '073.972.1488', '2002-05-10 18:03:58', '2014-09-26 21:13:27');
INSERT INTO `users` (`id`, `email`, `phone`, `created_at`, `updated_at`) VALUES (90, 'enitzsche@example.com', '05092746585', '1992-11-24 20:08:57', '1979-03-21 10:21:34');
INSERT INTO `users` (`id`, `email`, `phone`, `created_at`, `updated_at`) VALUES (91, 'kristian94@example.com', '+16(6)8284445186', '1983-08-01 16:33:30', '1982-07-03 03:39:31');
INSERT INTO `users` (`id`, `email`, `phone`, `created_at`, `updated_at`) VALUES (92, 'roderick.quitzon@example.com', '812-182-9315x4497', '1985-04-13 00:04:54', '2002-05-28 09:29:42');
INSERT INTO `users` (`id`, `email`, `phone`, `created_at`, `updated_at`) VALUES (93, 'osteuber@example.com', '169.458.0330x75820', '1976-06-23 11:55:09', '2004-11-16 17:42:32');
INSERT INTO `users` (`id`, `email`, `phone`, `created_at`, `updated_at`) VALUES (94, 'cronin.kory@example.com', '498.087.0264', '1988-02-19 20:49:04', '1986-02-02 21:44:51');
INSERT INTO `users` (`id`, `email`, `phone`, `created_at`, `updated_at`) VALUES (95, 'yschuppe@example.net', '642-640-4125', '2001-12-02 09:47:01', '2005-01-08 16:31:02');
INSERT INTO `users` (`id`, `email`, `phone`, `created_at`, `updated_at`) VALUES (96, 'susana.vonrueden@example.org', '464.696.4197', '2004-04-16 10:11:41', '2000-08-31 09:29:18');
INSERT INTO `users` (`id`, `email`, `phone`, `created_at`, `updated_at`) VALUES (97, 'lizzie82@example.org', '087-054-9335', '1987-11-18 06:33:23', '1976-09-04 08:41:34');
INSERT INTO `users` (`id`, `email`, `phone`, `created_at`, `updated_at`) VALUES (98, 'vida09@example.net', '460-250-3781x98441', '2008-05-28 23:11:37', '2005-03-02 11:29:19');
INSERT INTO `users` (`id`, `email`, `phone`, `created_at`, `updated_at`) VALUES (99, 'smitham.declan@example.org', '(642)057-7257', '1974-11-23 16:51:41', '1990-08-19 01:17:25');
INSERT INTO `users` (`id`, `email`, `phone`, `created_at`, `updated_at`) VALUES (100, 'abins@example.net', '(976)073-8271', '1976-07-30 04:14:44', '2011-08-04 01:43:39');

-- insert profiles

INSERT INTO `profiles` (`id`, `user_id`, `first_name`, `last_name`, `birth_date`, `country`, `city`, `status`, `created_at`, `updated_at`) VALUES (1, 1, 'Jerry', 'McLaughlin', '1977-07-24', '6834782', 'Schowalterberg', 'ONLINE', '1987-10-29 13:50:52', '1988-09-27 04:59:40');
INSERT INTO `profiles` (`id`, `user_id`, `first_name`, `last_name`, `birth_date`, `country`, `city`, `status`, `created_at`, `updated_at`) VALUES (2, 2, 'Chloe', 'Block', '1991-04-12', '146577', 'Jakubowskifurt', 'ONLINE', '1973-08-24 20:03:20', '1981-09-08 20:06:52');
INSERT INTO `profiles` (`id`, `user_id`, `first_name`, `last_name`, `birth_date`, `country`, `city`, `status`, `created_at`, `updated_at`) VALUES (3, 3, 'Annabel', 'Green', '2011-06-19', '2496', 'Zachariahberg', 'ONLINE', '2011-06-24 13:56:17', '1983-03-11 11:34:37');
INSERT INTO `profiles` (`id`, `user_id`, `first_name`, `last_name`, `birth_date`, `country`, `city`, `status`, `created_at`, `updated_at`) VALUES (4, 4, 'Joanny', 'Bartell', '1984-06-10', '66771', 'South Jessikamouth', 'ONLINE', '1970-09-07 00:45:21', '1997-10-02 05:59:21');
INSERT INTO `profiles` (`id`, `user_id`, `first_name`, `last_name`, `birth_date`, `country`, `city`, `status`, `created_at`, `updated_at`) VALUES (5, 5, 'Lonzo', 'Bruen', '1999-12-06', '593024790', 'Jaskolskiport', 'ONLINE', '1997-12-15 03:16:28', '2018-03-15 09:55:45');
INSERT INTO `profiles` (`id`, `user_id`, `first_name`, `last_name`, `birth_date`, `country`, `city`, `status`, `created_at`, `updated_at`) VALUES (6, 6, 'Hans', 'Koch', '1973-06-26', '269', 'Wunschside', 'OFFLINE', '2003-02-13 06:22:31', '1976-02-28 07:27:46');
INSERT INTO `profiles` (`id`, `user_id`, `first_name`, `last_name`, `birth_date`, `country`, `city`, `status`, `created_at`, `updated_at`) VALUES (7, 7, 'Weston', 'Brakus', '2019-04-19', '3333', 'Alexisville', 'OFFLINE', '2001-11-24 20:49:35', '1977-12-07 13:08:00');
INSERT INTO `profiles` (`id`, `user_id`, `first_name`, `last_name`, `birth_date`, `country`, `city`, `status`, `created_at`, `updated_at`) VALUES (8, 8, 'Myriam', 'Goyette', '1988-01-19', '360', 'Port Betsy', 'INACTIVE', '1990-02-12 23:11:16', '1986-11-11 15:42:04');
INSERT INTO `profiles` (`id`, `user_id`, `first_name`, `last_name`, `birth_date`, `country`, `city`, `status`, `created_at`, `updated_at`) VALUES (9, 9, 'Broderick', 'Funk', '2001-01-09', '727', 'New Ivy', 'ONLINE', '1984-05-25 11:37:29', '1993-04-08 01:53:20');
INSERT INTO `profiles` (`id`, `user_id`, `first_name`, `last_name`, `birth_date`, `country`, `city`, `status`, `created_at`, `updated_at`) VALUES (10, 10, 'Ezequiel', 'Green', '1977-08-11', '359764', 'North Julianmouth', 'OFFLINE', '1970-04-15 08:48:32', '1985-10-21 17:07:12');
INSERT INTO `profiles` (`id`, `user_id`, `first_name`, `last_name`, `birth_date`, `country`, `city`, `status`, `created_at`, `updated_at`) VALUES (11, 11, 'Virgie', 'Konopelski', '1983-05-30', '3', 'Wizaburgh', 'OFFLINE', '1998-02-28 20:13:38', '2000-04-06 16:09:59');
INSERT INTO `profiles` (`id`, `user_id`, `first_name`, `last_name`, `birth_date`, `country`, `city`, `status`, `created_at`, `updated_at`) VALUES (12, 12, 'Stanton', 'Windler', '1976-05-05', '', 'Huelland', 'ONLINE', '1975-03-14 20:50:58', '1992-03-15 02:51:52');
INSERT INTO `profiles` (`id`, `user_id`, `first_name`, `last_name`, `birth_date`, `country`, `city`, `status`, `created_at`, `updated_at`) VALUES (13, 13, 'Shyanne', 'Auer', '1977-10-05', '84', 'Port Houstonmouth', 'OFFLINE', '2016-09-21 11:34:01', '1988-11-25 12:49:25');
INSERT INTO `profiles` (`id`, `user_id`, `first_name`, `last_name`, `birth_date`, `country`, `city`, `status`, `created_at`, `updated_at`) VALUES (14, 14, 'Bill', 'Hintz', '2001-08-08', '3860153', 'West Mckenna', 'OFFLINE', '1974-07-14 05:28:49', '2000-03-29 07:56:40');
INSERT INTO `profiles` (`id`, `user_id`, `first_name`, `last_name`, `birth_date`, `country`, `city`, `status`, `created_at`, `updated_at`) VALUES (15, 15, 'Angel', 'Jenkins', '1975-08-15', '9800615', 'Trantowbury', 'INACTIVE', '1996-11-15 16:52:35', '2005-09-19 02:31:09');
INSERT INTO `profiles` (`id`, `user_id`, `first_name`, `last_name`, `birth_date`, `country`, `city`, `status`, `created_at`, `updated_at`) VALUES (16, 16, 'Lawson', 'Pagac', '1988-09-06', '51888', 'Haleyside', 'OFFLINE', '1973-08-19 21:04:29', '2011-07-17 18:07:01');
INSERT INTO `profiles` (`id`, `user_id`, `first_name`, `last_name`, `birth_date`, `country`, `city`, `status`, `created_at`, `updated_at`) VALUES (17, 17, 'Drake', 'Cummings', '2021-02-09', '6', 'Jennyferport', 'ONLINE', '2001-12-02 15:04:20', '1987-01-09 23:29:41');
INSERT INTO `profiles` (`id`, `user_id`, `first_name`, `last_name`, `birth_date`, `country`, `city`, `status`, `created_at`, `updated_at`) VALUES (18, 18, 'Beryl', 'Herman', '2001-06-13', '15652596', 'Hayesbury', 'OFFLINE', '2018-07-19 10:24:56', '1975-12-07 14:32:19');
INSERT INTO `profiles` (`id`, `user_id`, `first_name`, `last_name`, `birth_date`, `country`, `city`, `status`, `created_at`, `updated_at`) VALUES (19, 19, 'Ruthie', 'Schmidt', '1998-11-20', '3', 'Hendersonberg', 'ONLINE', '2005-12-24 08:23:56', '1992-10-04 16:40:34');
INSERT INTO `profiles` (`id`, `user_id`, `first_name`, `last_name`, `birth_date`, `country`, `city`, `status`, `created_at`, `updated_at`) VALUES (20, 20, 'Freda', 'Walter', '2006-10-01', '81', 'Bodeport', 'ONLINE', '2018-03-16 20:50:03', '1982-11-24 18:59:45');
INSERT INTO `profiles` (`id`, `user_id`, `first_name`, `last_name`, `birth_date`, `country`, `city`, `status`, `created_at`, `updated_at`) VALUES (21, 21, 'Floyd', 'Rutherford', '1976-12-09', '', 'Lednerhaven', 'OFFLINE', '2003-11-23 19:11:51', '2012-11-17 22:25:33');
INSERT INTO `profiles` (`id`, `user_id`, `first_name`, `last_name`, `birth_date`, `country`, `city`, `status`, `created_at`, `updated_at`) VALUES (22, 22, 'Stephan', 'Renner', '2018-08-24', '264', 'Jordaneborough', 'OFFLINE', '1985-10-07 18:53:04', '2016-01-03 22:39:26');
INSERT INTO `profiles` (`id`, `user_id`, `first_name`, `last_name`, `birth_date`, `country`, `city`, `status`, `created_at`, `updated_at`) VALUES (23, 23, 'Berry', 'Kshlerin', '2013-03-20', '51512', 'South Ana', 'ONLINE', '1974-03-04 11:52:36', '2020-04-30 11:59:21');
INSERT INTO `profiles` (`id`, `user_id`, `first_name`, `last_name`, `birth_date`, `country`, `city`, `status`, `created_at`, `updated_at`) VALUES (24, 24, 'Sophie', 'Welch', '2008-08-20', '2427764', 'Emmyborough', 'OFFLINE', '1986-11-13 09:32:56', '1995-11-20 08:50:26');
INSERT INTO `profiles` (`id`, `user_id`, `first_name`, `last_name`, `birth_date`, `country`, `city`, `status`, `created_at`, `updated_at`) VALUES (25, 25, 'Cecile', 'McClure', '2005-05-08', '29508', 'South Ferne', 'INACTIVE', '1992-05-12 22:47:50', '1986-01-02 00:38:46');
INSERT INTO `profiles` (`id`, `user_id`, `first_name`, `last_name`, `birth_date`, `country`, `city`, `status`, `created_at`, `updated_at`) VALUES (26, 26, 'Arianna', 'Graham', '2009-05-16', '1', 'Eloisehaven', 'INACTIVE', '1987-03-20 10:16:01', '2016-10-29 19:08:45');
INSERT INTO `profiles` (`id`, `user_id`, `first_name`, `last_name`, `birth_date`, `country`, `city`, `status`, `created_at`, `updated_at`) VALUES (27, 27, 'Trent', 'Schiller', '1974-03-14', '80142', 'South Rickey', 'ONLINE', '1997-10-29 05:06:02', '1976-08-25 02:23:51');
INSERT INTO `profiles` (`id`, `user_id`, `first_name`, `last_name`, `birth_date`, `country`, `city`, `status`, `created_at`, `updated_at`) VALUES (28, 28, 'Randy', 'Sawayn', '2003-08-26', '', 'Vincenzaborough', 'OFFLINE', '1976-05-12 15:22:05', '1974-10-23 07:25:24');
INSERT INTO `profiles` (`id`, `user_id`, `first_name`, `last_name`, `birth_date`, `country`, `city`, `status`, `created_at`, `updated_at`) VALUES (29, 29, 'Mathew', 'Von', '2007-02-14', '', 'Sauerside', 'OFFLINE', '1987-02-13 01:36:53', '1997-06-09 16:27:20');
INSERT INTO `profiles` (`id`, `user_id`, `first_name`, `last_name`, `birth_date`, `country`, `city`, `status`, `created_at`, `updated_at`) VALUES (30, 30, 'Norris', 'Prosacco', '2009-10-10', '', 'Mayertside', 'ONLINE', '2020-01-05 04:42:05', '1991-09-24 16:13:56');
INSERT INTO `profiles` (`id`, `user_id`, `first_name`, `last_name`, `birth_date`, `country`, `city`, `status`, `created_at`, `updated_at`) VALUES (31, 31, 'Bobbie', 'Stark', '1982-09-03', '95', 'Skylarland', 'OFFLINE', '1999-09-01 09:33:33', '1983-05-25 00:53:22');
INSERT INTO `profiles` (`id`, `user_id`, `first_name`, `last_name`, `birth_date`, `country`, `city`, `status`, `created_at`, `updated_at`) VALUES (32, 32, 'Una', 'Abshire', '1993-07-12', '9300', 'West Daniella', 'OFFLINE', '1982-10-17 20:08:35', '1992-05-20 21:07:57');
INSERT INTO `profiles` (`id`, `user_id`, `first_name`, `last_name`, `birth_date`, `country`, `city`, `status`, `created_at`, `updated_at`) VALUES (33, 33, 'Johanna', 'Anderson', '1985-12-21', '846106409', 'North Isaacmouth', 'ONLINE', '1992-01-26 11:32:24', '2003-12-05 15:32:51');
INSERT INTO `profiles` (`id`, `user_id`, `first_name`, `last_name`, `birth_date`, `country`, `city`, `status`, `created_at`, `updated_at`) VALUES (34, 34, 'Luella', 'McCullough', '2020-03-11', '37', 'East Isomfurt', 'INACTIVE', '2005-01-08 15:38:59', '2011-07-07 11:43:34');
INSERT INTO `profiles` (`id`, `user_id`, `first_name`, `last_name`, `birth_date`, `country`, `city`, `status`, `created_at`, `updated_at`) VALUES (35, 35, 'Corine', 'Balistreri', '1995-12-10', '435', 'Johnsonland', 'INACTIVE', '2004-10-20 13:14:34', '1986-08-27 11:16:29');
INSERT INTO `profiles` (`id`, `user_id`, `first_name`, `last_name`, `birth_date`, `country`, `city`, `status`, `created_at`, `updated_at`) VALUES (36, 36, 'Citlalli', 'Leuschke', '2009-10-06', '40172927', 'Lake Abbie', 'INACTIVE', '1983-08-17 14:20:26', '2015-12-27 01:42:15');
INSERT INTO `profiles` (`id`, `user_id`, `first_name`, `last_name`, `birth_date`, `country`, `city`, `status`, `created_at`, `updated_at`) VALUES (37, 37, 'Macie', 'Kertzmann', '1992-06-06', '1343549', 'West Trentmouth', 'OFFLINE', '2007-01-16 02:03:23', '1977-01-17 03:37:33');
INSERT INTO `profiles` (`id`, `user_id`, `first_name`, `last_name`, `birth_date`, `country`, `city`, `status`, `created_at`, `updated_at`) VALUES (38, 38, 'Laila', 'Nienow', '1987-11-29', '3012143', 'North Marlen', 'INACTIVE', '1983-10-21 23:03:42', '2018-11-14 03:26:49');
INSERT INTO `profiles` (`id`, `user_id`, `first_name`, `last_name`, `birth_date`, `country`, `city`, `status`, `created_at`, `updated_at`) VALUES (39, 39, 'Lorenza', 'Corwin', '2007-02-15', '18', 'New Justina', 'ONLINE', '1990-03-28 17:32:50', '1970-07-31 14:33:09');
INSERT INTO `profiles` (`id`, `user_id`, `first_name`, `last_name`, `birth_date`, `country`, `city`, `status`, `created_at`, `updated_at`) VALUES (40, 40, 'Amos', 'Mills', '2012-12-13', '66308270', 'Francisbury', 'OFFLINE', '1995-06-20 02:09:37', '1997-08-19 16:55:15');
INSERT INTO `profiles` (`id`, `user_id`, `first_name`, `last_name`, `birth_date`, `country`, `city`, `status`, `created_at`, `updated_at`) VALUES (41, 41, 'Janessa', 'Breitenberg', '2005-04-14', '507', 'Heidenreichview', 'OFFLINE', '2013-02-28 12:44:40', '1983-07-13 16:01:19');
INSERT INTO `profiles` (`id`, `user_id`, `first_name`, `last_name`, `birth_date`, `country`, `city`, `status`, `created_at`, `updated_at`) VALUES (42, 42, 'Bartholome', 'Robel', '2007-09-15', '1116891', 'Aldenburgh', 'OFFLINE', '1978-10-29 06:50:30', '2007-01-24 18:28:53');
INSERT INTO `profiles` (`id`, `user_id`, `first_name`, `last_name`, `birth_date`, `country`, `city`, `status`, `created_at`, `updated_at`) VALUES (43, 43, 'Tiana', 'Swift', '1998-02-06', '797', 'North Marielaland', 'INACTIVE', '2012-06-16 00:08:16', '1973-01-24 07:31:39');
INSERT INTO `profiles` (`id`, `user_id`, `first_name`, `last_name`, `birth_date`, `country`, `city`, `status`, `created_at`, `updated_at`) VALUES (44, 44, 'Ernest', 'Reinger', '1975-07-19', '60859012', 'Watersburgh', 'ONLINE', '1979-11-28 13:25:36', '2013-09-29 06:32:01');
INSERT INTO `profiles` (`id`, `user_id`, `first_name`, `last_name`, `birth_date`, `country`, `city`, `status`, `created_at`, `updated_at`) VALUES (45, 45, 'Reva', 'Prohaska', '1990-06-28', '96', 'Runolfsdottirmouth', 'ONLINE', '2000-02-07 14:47:31', '1988-09-13 16:10:37');
INSERT INTO `profiles` (`id`, `user_id`, `first_name`, `last_name`, `birth_date`, `country`, `city`, `status`, `created_at`, `updated_at`) VALUES (46, 46, 'Althea', 'Erdman', '2017-08-01', '781129', 'North Laceyview', 'OFFLINE', '2014-07-29 05:26:40', '1996-04-30 12:03:55');
INSERT INTO `profiles` (`id`, `user_id`, `first_name`, `last_name`, `birth_date`, `country`, `city`, `status`, `created_at`, `updated_at`) VALUES (47, 47, 'Anabel', 'Ziemann', '2018-09-03', '6699', 'Deontemouth', 'ONLINE', '1988-02-01 09:36:45', '1973-07-17 19:26:32');
INSERT INTO `profiles` (`id`, `user_id`, `first_name`, `last_name`, `birth_date`, `country`, `city`, `status`, `created_at`, `updated_at`) VALUES (48, 48, 'Kasandra', 'Feil', '2019-06-22', '9272', 'Marcosstad', 'OFFLINE', '2002-07-26 08:37:37', '2001-01-15 05:09:18');
INSERT INTO `profiles` (`id`, `user_id`, `first_name`, `last_name`, `birth_date`, `country`, `city`, `status`, `created_at`, `updated_at`) VALUES (49, 49, 'Emmet', 'Wisozk', '2016-03-30', '238219', 'North Geovanyburgh', 'OFFLINE', '1987-03-05 21:02:25', '1978-02-25 08:15:52');
INSERT INTO `profiles` (`id`, `user_id`, `first_name`, `last_name`, `birth_date`, `country`, `city`, `status`, `created_at`, `updated_at`) VALUES (50, 50, 'Anissa', 'Towne', '1980-12-30', '1392', 'Blandamouth', 'OFFLINE', '2010-10-20 04:08:41', '1994-04-12 12:01:54');
INSERT INTO `profiles` (`id`, `user_id`, `first_name`, `last_name`, `birth_date`, `country`, `city`, `status`, `created_at`, `updated_at`) VALUES (51, 51, 'Merl', 'Bergnaum', '1974-11-18', '1003', 'Tremaineborough', 'ONLINE', '2000-09-04 02:10:39', '1999-09-14 10:34:58');
INSERT INTO `profiles` (`id`, `user_id`, `first_name`, `last_name`, `birth_date`, `country`, `city`, `status`, `created_at`, `updated_at`) VALUES (52, 52, 'Tierra', 'Kozey', '1978-09-20', '5535876', 'West Brendan', 'ONLINE', '1976-06-03 16:31:37', '2012-06-06 20:12:00');
INSERT INTO `profiles` (`id`, `user_id`, `first_name`, `last_name`, `birth_date`, `country`, `city`, `status`, `created_at`, `updated_at`) VALUES (53, 53, 'Kaelyn', 'Durgan', '2002-02-15', '9690698', 'North Madilynshire', 'ONLINE', '1998-05-04 00:53:44', '1986-12-21 19:14:05');
INSERT INTO `profiles` (`id`, `user_id`, `first_name`, `last_name`, `birth_date`, `country`, `city`, `status`, `created_at`, `updated_at`) VALUES (54, 54, 'Ezequiel', 'Jakubowski', '2008-02-21', '6', 'Howellport', 'INACTIVE', '2009-07-29 11:57:38', '2005-05-11 04:57:20');
INSERT INTO `profiles` (`id`, `user_id`, `first_name`, `last_name`, `birth_date`, `country`, `city`, `status`, `created_at`, `updated_at`) VALUES (55, 55, 'Jasen', 'Tillman', '1971-01-18', '78954131', 'Cronabury', 'OFFLINE', '2019-04-08 21:10:14', '1991-02-07 05:58:36');
INSERT INTO `profiles` (`id`, `user_id`, `first_name`, `last_name`, `birth_date`, `country`, `city`, `status`, `created_at`, `updated_at`) VALUES (56, 56, 'Amy', 'Rau', '1985-02-09', '4', 'Port Siennafort', 'OFFLINE', '1991-05-25 16:48:50', '2019-08-22 15:09:34');
INSERT INTO `profiles` (`id`, `user_id`, `first_name`, `last_name`, `birth_date`, `country`, `city`, `status`, `created_at`, `updated_at`) VALUES (57, 57, 'Bernita', 'Dicki', '2020-05-14', '41', 'West Elisabeth', 'INACTIVE', '1992-06-05 14:37:58', '2003-09-28 18:58:43');
INSERT INTO `profiles` (`id`, `user_id`, `first_name`, `last_name`, `birth_date`, `country`, `city`, `status`, `created_at`, `updated_at`) VALUES (58, 58, 'Filomena', 'Spinka', '1972-07-15', '32', 'Juanamouth', 'INACTIVE', '2001-07-10 21:52:47', '1983-01-10 16:29:35');
INSERT INTO `profiles` (`id`, `user_id`, `first_name`, `last_name`, `birth_date`, `country`, `city`, `status`, `created_at`, `updated_at`) VALUES (59, 59, 'Travis', 'Koss', '2014-03-28', '97157', 'North Emileburgh', 'INACTIVE', '1984-05-07 22:14:59', '1993-10-23 17:28:26');
INSERT INTO `profiles` (`id`, `user_id`, `first_name`, `last_name`, `birth_date`, `country`, `city`, `status`, `created_at`, `updated_at`) VALUES (60, 60, 'Nico', 'Ullrich', '1971-07-20', '72208', 'Schmelerton', 'OFFLINE', '1984-07-22 22:32:04', '1993-04-15 08:14:39');
INSERT INTO `profiles` (`id`, `user_id`, `first_name`, `last_name`, `birth_date`, `country`, `city`, `status`, `created_at`, `updated_at`) VALUES (61, 61, 'Clara', 'Breitenberg', '1977-01-20', '6083', 'Albinaborough', 'ONLINE', '2005-01-30 11:23:37', '2001-01-28 10:41:18');
INSERT INTO `profiles` (`id`, `user_id`, `first_name`, `last_name`, `birth_date`, `country`, `city`, `status`, `created_at`, `updated_at`) VALUES (62, 62, 'Angel', 'Bartell', '1991-06-30', '350739', 'North Serenity', 'OFFLINE', '2016-12-22 12:06:43', '2012-07-25 00:57:47');
INSERT INTO `profiles` (`id`, `user_id`, `first_name`, `last_name`, `birth_date`, `country`, `city`, `status`, `created_at`, `updated_at`) VALUES (63, 63, 'Lacy', 'McClure', '1982-10-11', '66823', 'Port Lonzo', 'OFFLINE', '2015-11-01 22:29:17', '2016-05-20 01:30:07');
INSERT INTO `profiles` (`id`, `user_id`, `first_name`, `last_name`, `birth_date`, `country`, `city`, `status`, `created_at`, `updated_at`) VALUES (64, 64, 'Sandy', 'Sauer', '2005-08-22', '4367', 'West Wilfrid', 'INACTIVE', '1990-12-13 10:00:26', '2014-12-04 07:41:21');
INSERT INTO `profiles` (`id`, `user_id`, `first_name`, `last_name`, `birth_date`, `country`, `city`, `status`, `created_at`, `updated_at`) VALUES (65, 65, 'Maximo', 'Schiller', '1977-05-26', '990634', 'Jerrodchester', 'OFFLINE', '1986-09-08 08:25:14', '1998-07-17 19:56:21');
INSERT INTO `profiles` (`id`, `user_id`, `first_name`, `last_name`, `birth_date`, `country`, `city`, `status`, `created_at`, `updated_at`) VALUES (66, 66, 'Terrence', 'Johns', '2009-10-23', '6', 'Reginaldshire', 'ONLINE', '2000-03-16 11:07:25', '2003-09-27 23:34:52');
INSERT INTO `profiles` (`id`, `user_id`, `first_name`, `last_name`, `birth_date`, `country`, `city`, `status`, `created_at`, `updated_at`) VALUES (67, 67, 'Breanne', 'Champlin', '2006-12-08', '1', 'North Haileystad', 'ONLINE', '1971-01-11 13:20:51', '2006-12-21 11:57:57');
INSERT INTO `profiles` (`id`, `user_id`, `first_name`, `last_name`, `birth_date`, `country`, `city`, `status`, `created_at`, `updated_at`) VALUES (68, 68, 'Kavon', 'Ratke', '2003-08-21', '320', 'Schadenville', 'OFFLINE', '2008-05-19 23:43:38', '1984-10-15 16:47:56');
INSERT INTO `profiles` (`id`, `user_id`, `first_name`, `last_name`, `birth_date`, `country`, `city`, `status`, `created_at`, `updated_at`) VALUES (69, 69, 'Lucile', 'O\'Conner', '1995-09-23', '892', 'East Maximomouth', 'OFFLINE', '1998-06-12 02:41:36', '1974-12-13 14:43:09');
INSERT INTO `profiles` (`id`, `user_id`, `first_name`, `last_name`, `birth_date`, `country`, `city`, `status`, `created_at`, `updated_at`) VALUES (70, 70, 'Karson', 'Boyle', '1990-04-10', '99', 'North Samanta', 'ONLINE', '1980-07-16 16:10:05', '1998-12-28 01:27:35');
INSERT INTO `profiles` (`id`, `user_id`, `first_name`, `last_name`, `birth_date`, `country`, `city`, `status`, `created_at`, `updated_at`) VALUES (71, 71, 'Trudie', 'Littel', '2019-12-18', '8461818', 'Angelitaton', 'ONLINE', '1978-05-26 15:27:45', '2016-12-19 02:20:08');
INSERT INTO `profiles` (`id`, `user_id`, `first_name`, `last_name`, `birth_date`, `country`, `city`, `status`, `created_at`, `updated_at`) VALUES (72, 72, 'Glenna', 'Ruecker', '2006-02-01', '949535229', 'Casimerborough', 'OFFLINE', '1996-12-01 13:12:02', '1974-03-20 10:24:14');
INSERT INTO `profiles` (`id`, `user_id`, `first_name`, `last_name`, `birth_date`, `country`, `city`, `status`, `created_at`, `updated_at`) VALUES (73, 73, 'Colton', 'Welch', '2005-06-29', '42004729', 'West Gisselle', 'INACTIVE', '1994-07-14 17:36:37', '2009-11-25 17:06:47');
INSERT INTO `profiles` (`id`, `user_id`, `first_name`, `last_name`, `birth_date`, `country`, `city`, `status`, `created_at`, `updated_at`) VALUES (74, 74, 'Alexandro', 'Gibson', '1993-02-12', '407301', 'Lake Irmafort', 'INACTIVE', '2001-12-28 03:20:59', '1992-07-03 21:57:49');
INSERT INTO `profiles` (`id`, `user_id`, `first_name`, `last_name`, `birth_date`, `country`, `city`, `status`, `created_at`, `updated_at`) VALUES (75, 75, 'Keira', 'Mohr', '1970-02-09', '34879071', 'Huldaberg', 'ONLINE', '1977-03-29 11:41:11', '2008-01-03 06:26:19');
INSERT INTO `profiles` (`id`, `user_id`, `first_name`, `last_name`, `birth_date`, `country`, `city`, `status`, `created_at`, `updated_at`) VALUES (76, 76, 'Maddison', 'Thiel', '2008-10-30', '185541779', 'Johnsonshire', 'OFFLINE', '2016-09-15 06:12:56', '2019-08-18 18:15:43');
INSERT INTO `profiles` (`id`, `user_id`, `first_name`, `last_name`, `birth_date`, `country`, `city`, `status`, `created_at`, `updated_at`) VALUES (77, 77, 'Verdie', 'Trantow', '2003-08-26', '39888872', 'Port Braedenchester', 'ONLINE', '2003-11-20 19:34:38', '1976-05-15 13:55:31');
INSERT INTO `profiles` (`id`, `user_id`, `first_name`, `last_name`, `birth_date`, `country`, `city`, `status`, `created_at`, `updated_at`) VALUES (78, 78, 'Winona', 'Wolff', '1993-01-01', '10844', 'Queenfort', 'ONLINE', '1982-05-08 05:15:55', '2000-03-28 14:55:30');
INSERT INTO `profiles` (`id`, `user_id`, `first_name`, `last_name`, `birth_date`, `country`, `city`, `status`, `created_at`, `updated_at`) VALUES (79, 79, 'Marlee', 'Renner', '2018-08-20', '24981260', 'Cletusberg', 'INACTIVE', '2015-11-23 16:47:47', '1976-10-19 06:15:39');
INSERT INTO `profiles` (`id`, `user_id`, `first_name`, `last_name`, `birth_date`, `country`, `city`, `status`, `created_at`, `updated_at`) VALUES (80, 80, 'Deborah', 'Barton', '2012-04-24', '55', 'West Mollie', 'INACTIVE', '2005-06-03 14:07:17', '2021-06-20 07:20:43');
INSERT INTO `profiles` (`id`, `user_id`, `first_name`, `last_name`, `birth_date`, `country`, `city`, `status`, `created_at`, `updated_at`) VALUES (81, 81, 'Yvonne', 'Gaylord', '1970-04-24', '4743', 'New Karlee', 'ONLINE', '2017-05-30 22:44:49', '1983-11-03 10:58:45');
INSERT INTO `profiles` (`id`, `user_id`, `first_name`, `last_name`, `birth_date`, `country`, `city`, `status`, `created_at`, `updated_at`) VALUES (82, 82, 'Nellie', 'Zieme', '2000-08-09', '8145', 'Lake Misty', 'OFFLINE', '1973-04-28 02:35:32', '2015-02-07 14:25:34');
INSERT INTO `profiles` (`id`, `user_id`, `first_name`, `last_name`, `birth_date`, `country`, `city`, `status`, `created_at`, `updated_at`) VALUES (83, 83, 'Annabel', 'Schaden', '2010-04-04', '3257439', 'Port Damian', 'OFFLINE', '2017-12-09 15:45:02', '1986-06-09 03:13:54');
INSERT INTO `profiles` (`id`, `user_id`, `first_name`, `last_name`, `birth_date`, `country`, `city`, `status`, `created_at`, `updated_at`) VALUES (84, 84, 'Loy', 'Bosco', '2011-07-01', '5669', 'Dickiland', 'INACTIVE', '1973-05-11 19:10:10', '1994-05-24 23:07:14');
INSERT INTO `profiles` (`id`, `user_id`, `first_name`, `last_name`, `birth_date`, `country`, `city`, `status`, `created_at`, `updated_at`) VALUES (85, 85, 'Annetta', 'Carter', '1974-05-07', '6435248', 'Port Sigridberg', 'OFFLINE', '1987-07-01 07:29:02', '1975-02-09 23:12:58');
INSERT INTO `profiles` (`id`, `user_id`, `first_name`, `last_name`, `birth_date`, `country`, `city`, `status`, `created_at`, `updated_at`) VALUES (86, 86, 'Judah', 'Nikolaus', '2007-10-05', '76400', 'Lake Charlie', 'ONLINE', '2015-08-03 03:04:54', '1983-03-12 06:22:31');
INSERT INTO `profiles` (`id`, `user_id`, `first_name`, `last_name`, `birth_date`, `country`, `city`, `status`, `created_at`, `updated_at`) VALUES (87, 87, 'Brittany', 'Okuneva', '2012-08-29', '', 'Port Jovanyhaven', 'INACTIVE', '2002-01-19 01:12:52', '2000-12-22 07:38:31');
INSERT INTO `profiles` (`id`, `user_id`, `first_name`, `last_name`, `birth_date`, `country`, `city`, `status`, `created_at`, `updated_at`) VALUES (88, 88, 'Kelley', 'Kessler', '1990-10-14', '4', 'West Jamarport', 'OFFLINE', '1976-02-24 12:36:36', '1992-02-05 14:45:33');
INSERT INTO `profiles` (`id`, `user_id`, `first_name`, `last_name`, `birth_date`, `country`, `city`, `status`, `created_at`, `updated_at`) VALUES (89, 89, 'Maximus', 'Crooks', '2015-04-18', '74438339', 'Port Armando', 'INACTIVE', '2002-06-23 01:19:31', '2004-03-11 13:50:32');
INSERT INTO `profiles` (`id`, `user_id`, `first_name`, `last_name`, `birth_date`, `country`, `city`, `status`, `created_at`, `updated_at`) VALUES (90, 90, 'Treva', 'White', '1981-04-12', '35', 'Port Oda', 'ONLINE', '2017-04-13 22:35:42', '2017-02-13 12:22:54');
INSERT INTO `profiles` (`id`, `user_id`, `first_name`, `last_name`, `birth_date`, `country`, `city`, `status`, `created_at`, `updated_at`) VALUES (91, 91, 'Lonny', 'Fritsch', '1980-08-13', '', 'Carlitown', 'INACTIVE', '1980-07-11 19:19:11', '2009-03-10 01:20:37');
INSERT INTO `profiles` (`id`, `user_id`, `first_name`, `last_name`, `birth_date`, `country`, `city`, `status`, `created_at`, `updated_at`) VALUES (92, 92, 'Brent', 'Koch', '1994-09-15', '1', 'Champlinshire', 'OFFLINE', '2003-01-02 09:11:49', '1977-07-16 23:01:45');
INSERT INTO `profiles` (`id`, `user_id`, `first_name`, `last_name`, `birth_date`, `country`, `city`, `status`, `created_at`, `updated_at`) VALUES (93, 93, 'Adriana', 'Auer', '2008-08-26', '669999', 'Cruickshankfurt', 'ONLINE', '1974-08-06 00:35:20', '1983-01-18 20:40:31');
INSERT INTO `profiles` (`id`, `user_id`, `first_name`, `last_name`, `birth_date`, `country`, `city`, `status`, `created_at`, `updated_at`) VALUES (94, 94, 'Jayme', 'Grimes', '1988-11-26', '767', 'East Kaleyborough', 'ONLINE', '1996-01-30 10:49:42', '1973-03-09 07:50:21');
INSERT INTO `profiles` (`id`, `user_id`, `first_name`, `last_name`, `birth_date`, `country`, `city`, `status`, `created_at`, `updated_at`) VALUES (95, 95, 'Ashlee', 'Leannon', '2016-05-11', '', 'Lake Ariane', 'ONLINE', '1985-09-04 01:39:28', '1985-04-30 12:11:33');
INSERT INTO `profiles` (`id`, `user_id`, `first_name`, `last_name`, `birth_date`, `country`, `city`, `status`, `created_at`, `updated_at`) VALUES (96, 96, 'Felipa', 'Flatley', '2005-01-12', '', 'East Henriview', 'ONLINE', '2004-06-19 02:38:03', '1980-04-29 11:25:21');
INSERT INTO `profiles` (`id`, `user_id`, `first_name`, `last_name`, `birth_date`, `country`, `city`, `status`, `created_at`, `updated_at`) VALUES (97, 97, 'Lyda', 'Crist', '1972-04-20', '', 'Port Mandymouth', 'OFFLINE', '1990-10-31 05:50:16', '1998-12-26 18:40:47');
INSERT INTO `profiles` (`id`, `user_id`, `first_name`, `last_name`, `birth_date`, `country`, `city`, `status`, `created_at`, `updated_at`) VALUES (98, 98, 'Miles', 'Cummerata', '1991-06-26', '', 'Port Chadrickville', 'INACTIVE', '2013-02-16 11:41:40', '2001-04-18 03:03:19');
INSERT INTO `profiles` (`id`, `user_id`, `first_name`, `last_name`, `birth_date`, `country`, `city`, `status`, `created_at`, `updated_at`) VALUES (99, 99, 'Trenton', 'Lesch', '1991-07-09', '390', 'Schambergerburgh', 'OFFLINE', '2010-05-19 07:02:23', '1988-01-20 13:05:24');
INSERT INTO `profiles` (`id`, `user_id`, `first_name`, `last_name`, `birth_date`, `country`, `city`, `status`, `created_at`, `updated_at`) VALUES (100, 100, 'Sim', 'Streich', '1981-02-28', '367954', 'Hacketthaven', 'INACTIVE', '1992-07-17 10:06:51', '2007-08-21 03:49:44');

-- insert messages

INSERT INTO `messages` (`id`, `from_user_id`, `to_user_id`, `message_header`, `message_body`, `is_delivered`, `was_edited`, `created_at`, `updated_at`) VALUES (1, 1, 1, 'Iusto nihil ut et. Asperiores officiis voluptates vel quo omnis voluptatem est. Fugit harum delectus modi dolorem doloribus.', 'Similique consequuntur molestias velit explicabo accusamus labore. Modi saepe quaerat odit blanditiis amet aut fugit. Nesciunt recusandae sint vel sapiente magnam nam vitae.', 1, 0, '2007-06-15 02:46:57', '1979-10-23 05:00:07');
INSERT INTO `messages` (`id`, `from_user_id`, `to_user_id`, `message_header`, `message_body`, `is_delivered`, `was_edited`, `created_at`, `updated_at`) VALUES (2, 2, 2, 'Qui aut quidem omnis quibusdam sed. Necessitatibus qui eius sed est ullam. Nobis eveniet placeat quis. Fuga et dicta expedita ut. Et eveniet quia nemo ipsum voluptatem qui.', 'Minus ab modi perspiciatis deserunt autem beatae. Libero quis aut recusandae aut facilis esse. Nulla hic debitis vel nemo illo. Dolores fuga veritatis commodi incidunt voluptatum at doloremque.', 0, 0, '2020-02-16 04:18:10', '1987-04-28 08:11:31');
INSERT INTO `messages` (`id`, `from_user_id`, `to_user_id`, `message_header`, `message_body`, `is_delivered`, `was_edited`, `created_at`, `updated_at`) VALUES (3, 3, 3, 'Quaerat corporis ex eligendi non est nemo consequatur veritatis. Non odio fugiat qui aliquid quia corrupti. Quos facilis ratione debitis. Tenetur in id quo sunt eum. Deserunt corrupti tempore consequatur eius.', 'Qui aut hic optio numquam quae eum dolores exercitationem. Neque nemo numquam omnis ex dolores aliquid a. Sapiente officiis sequi perspiciatis qui dignissimos magnam.', 1, 0, '1975-09-20 23:49:51', '2004-11-20 20:20:15');
INSERT INTO `messages` (`id`, `from_user_id`, `to_user_id`, `message_header`, `message_body`, `is_delivered`, `was_edited`, `created_at`, `updated_at`) VALUES (4, 4, 4, 'Est dignissimos odit ratione aut et minima id. Magni voluptatem enim consequuntur inventore. Temporibus ducimus accusantium minus nam. Quia est quia adipisci est. Nulla delectus excepturi dolor eligendi ut aliquam.', 'Quia repudiandae et similique excepturi voluptas dolor. Consequatur illum quia eveniet enim placeat. Quod nihil id quo placeat.', 0, 0, '1994-05-08 02:59:50', '2012-03-27 12:19:25');
INSERT INTO `messages` (`id`, `from_user_id`, `to_user_id`, `message_header`, `message_body`, `is_delivered`, `was_edited`, `created_at`, `updated_at`) VALUES (5, 5, 5, 'Quia voluptatem reiciendis quod iste sit repellendus consectetur. Reprehenderit ut non officiis. Dolor cumque et velit doloribus sit omnis possimus autem.', 'Numquam et ea tenetur quibusdam. Nobis cumque voluptate nihil autem dolore aspernatur. Dolorem voluptatum nemo modi sed id dicta. Pariatur vel et voluptatem qui omnis veritatis exercitationem.', 1, 0, '1999-12-06 01:48:12', '2016-12-07 04:05:13');
INSERT INTO `messages` (`id`, `from_user_id`, `to_user_id`, `message_header`, `message_body`, `is_delivered`, `was_edited`, `created_at`, `updated_at`) VALUES (6, 6, 6, 'Ea sit voluptatum quia rerum nihil molestiae. Ut numquam ullam expedita et. Cumque sunt ad velit quos atque.', 'Quia dicta eos labore laboriosam dolores. Consequatur soluta quo illo iste nulla maiores. In consequuntur quisquam similique amet temporibus ratione et quam. Suscipit vero adipisci ab qui necessitatibus suscipit facilis eveniet.', 0, 0, '1974-12-11 19:15:12', '1970-08-06 06:17:59');
INSERT INTO `messages` (`id`, `from_user_id`, `to_user_id`, `message_header`, `message_body`, `is_delivered`, `was_edited`, `created_at`, `updated_at`) VALUES (7, 7, 7, 'Deleniti ullam fugiat eum quibusdam molestias voluptas nihil eveniet. Mollitia qui ab omnis. Sed illo est quia illo nam repellat.', 'Nisi incidunt ut quasi sed. Et est et officia quis in sapiente repudiandae vitae. Voluptate eum numquam earum provident fuga voluptas. Magni amet voluptates voluptatem. Explicabo perspiciatis nesciunt expedita blanditiis quam.', 0, 0, '2008-04-10 01:40:26', '2009-01-13 08:10:47');
INSERT INTO `messages` (`id`, `from_user_id`, `to_user_id`, `message_header`, `message_body`, `is_delivered`, `was_edited`, `created_at`, `updated_at`) VALUES (8, 8, 8, 'Sunt iure exercitationem aut ut natus dolores laboriosam. Eius eum voluptatum repudiandae quisquam quas doloremque minus vel. Qui nulla error saepe dolor repudiandae id laboriosam.', 'Quam enim et reiciendis enim consequatur a deserunt. Expedita eos sunt suscipit molestias beatae.', 0, 0, '1997-07-05 10:23:52', '1997-11-11 15:58:22');
INSERT INTO `messages` (`id`, `from_user_id`, `to_user_id`, `message_header`, `message_body`, `is_delivered`, `was_edited`, `created_at`, `updated_at`) VALUES (9, 9, 9, 'Molestiae error id et ratione enim. Aliquam aut ratione quidem vel excepturi. Consequatur omnis fugiat ut consequatur tempore rerum omnis. Dignissimos tempore dolores dolorem aut dolor quos. Quas necessitatibus dolorem in perspiciatis.', 'Vel vel nihil dolorum deleniti nulla quam aut voluptas. Doloribus exercitationem sed perspiciatis velit quae et. Accusamus ducimus et dolorem dignissimos. Ea cupiditate cupiditate excepturi quasi nobis dignissimos. Aut impedit fuga iusto et id.', 0, 0, '1998-10-22 01:16:26', '2007-11-28 05:20:08');
INSERT INTO `messages` (`id`, `from_user_id`, `to_user_id`, `message_header`, `message_body`, `is_delivered`, `was_edited`, `created_at`, `updated_at`) VALUES (10, 10, 10, 'Dolores vel quis tenetur dolor. Ratione aut nesciunt atque eveniet maxime nam ullam. Assumenda magnam quibusdam numquam quibusdam. Deleniti voluptatem nam sed accusamus.', 'Consequatur blanditiis voluptatem debitis. Et aspernatur quis rerum rerum amet accusantium. Odit aut est quis placeat voluptas totam odit. Magni velit quae voluptatem et dolor est tempora. Voluptatem deleniti consequatur sed illum sed.', 0, 0, '1990-06-24 13:36:10', '2008-08-19 17:56:04');
INSERT INTO `messages` (`id`, `from_user_id`, `to_user_id`, `message_header`, `message_body`, `is_delivered`, `was_edited`, `created_at`, `updated_at`) VALUES (11, 11, 11, 'Impedit sed quaerat doloribus dolorem dignissimos corrupti minus. Cum aut maiores fugiat consequatur illo nostrum. Qui iure sit sit est molestias veritatis rerum reiciendis.', 'Commodi atque neque dolorum eaque rem sed voluptatem quae. Consequatur voluptatem harum reiciendis est velit libero. Inventore amet ad totam quibusdam ut. Eos deserunt quae repellat rerum.', 1, 0, '2016-11-27 05:05:12', '2013-10-07 04:07:14');
INSERT INTO `messages` (`id`, `from_user_id`, `to_user_id`, `message_header`, `message_body`, `is_delivered`, `was_edited`, `created_at`, `updated_at`) VALUES (12, 12, 12, 'Illum exercitationem vel aut doloribus sapiente voluptatibus perferendis. Quae dignissimos magni provident. Quia natus architecto ducimus error ipsam. Veniam autem officia ut optio sed expedita et.', 'Molestiae voluptatem velit tenetur deleniti voluptas. Fuga possimus in hic quo qui. Sed quis esse eos et.', 0, 0, '2014-11-02 03:54:52', '1970-07-07 11:26:18');
INSERT INTO `messages` (`id`, `from_user_id`, `to_user_id`, `message_header`, `message_body`, `is_delivered`, `was_edited`, `created_at`, `updated_at`) VALUES (13, 13, 13, 'Sed sit minus facere quia et. Eligendi quas eos non tempora voluptas eveniet ea.', 'Quidem cum excepturi vitae in sunt illo quia. Inventore excepturi sint sed magni iusto quis porro. Delectus harum quo sit similique ipsam asperiores odio.', 0, 0, '2011-10-21 18:51:52', '1987-04-17 07:02:27');
INSERT INTO `messages` (`id`, `from_user_id`, `to_user_id`, `message_header`, `message_body`, `is_delivered`, `was_edited`, `created_at`, `updated_at`) VALUES (14, 14, 14, 'Doloremque sunt sint et sunt in. Et vel facilis ipsum consequatur dolore. Dignissimos voluptate aut ratione nostrum consectetur qui quia quia.', 'Numquam distinctio laudantium saepe dolor ipsam voluptate sed consequuntur. Sequi et quae omnis voluptatem est. Est sint debitis temporibus et similique est quas.', 1, 0, '2019-04-15 23:09:16', '1993-03-03 11:44:36');
INSERT INTO `messages` (`id`, `from_user_id`, `to_user_id`, `message_header`, `message_body`, `is_delivered`, `was_edited`, `created_at`, `updated_at`) VALUES (15, 15, 15, 'Enim ullam velit dolorum repudiandae est rerum ipsam vel. Consequatur quam nisi eum et. Delectus eligendi qui minima aut quae ex. Nesciunt deleniti et officiis cumque consequatur deleniti sed.', 'Id delectus aut error tempore est ducimus sed unde. Voluptatem sunt totam porro quo ut necessitatibus reiciendis. Velit et dolorem voluptatibus ut architecto velit repudiandae.', 0, 0, '2016-06-28 15:02:08', '2002-03-20 07:08:33');
INSERT INTO `messages` (`id`, `from_user_id`, `to_user_id`, `message_header`, `message_body`, `is_delivered`, `was_edited`, `created_at`, `updated_at`) VALUES (16, 16, 16, 'Ipsam in quam inventore aut. Consequuntur similique ea nesciunt sed quasi repellat. Laborum ut unde a.', 'Consequatur aut adipisci blanditiis numquam est quia. Voluptatibus aut nihil adipisci earum.', 0, 0, '1971-10-09 08:55:09', '2000-06-01 00:17:28');
INSERT INTO `messages` (`id`, `from_user_id`, `to_user_id`, `message_header`, `message_body`, `is_delivered`, `was_edited`, `created_at`, `updated_at`) VALUES (17, 17, 17, 'Occaecati cupiditate aut unde unde quia qui eum maiores. Facere aut blanditiis facere sint recusandae consequatur. Officia sit odit laborum sequi quia. Dolore quibusdam voluptatem voluptatem et harum id.', 'Commodi quia nam totam molestiae. Aliquid ut at a sequi at. Omnis iste sint ut sed sequi officia debitis sit.', 1, 0, '2007-12-02 17:17:35', '1992-11-04 10:28:20');
INSERT INTO `messages` (`id`, `from_user_id`, `to_user_id`, `message_header`, `message_body`, `is_delivered`, `was_edited`, `created_at`, `updated_at`) VALUES (18, 18, 18, 'Ad dolorem repellat quidem doloribus iusto beatae ut. Inventore est accusamus cupiditate consequuntur voluptatem et voluptas.', 'Alias accusantium saepe blanditiis unde aut odio et. Magni iusto et ratione qui. A cumque maiores facere tenetur. Dolores eveniet sit optio quisquam velit dolor esse.', 1, 0, '1981-02-22 14:38:43', '2004-04-20 05:41:09');
INSERT INTO `messages` (`id`, `from_user_id`, `to_user_id`, `message_header`, `message_body`, `is_delivered`, `was_edited`, `created_at`, `updated_at`) VALUES (19, 19, 19, 'Omnis numquam ab ducimus aspernatur architecto dolorem eligendi. Et nihil est quis officiis alias. Dicta temporibus sunt ipsum. Voluptas aut aut dolores consequuntur.', 'Dolorem laboriosam dicta ullam omnis quia deserunt. Distinctio et qui vero et. Sint pariatur et mollitia quas consequatur.', 0, 0, '1997-06-19 10:35:17', '1998-05-17 19:31:13');
INSERT INTO `messages` (`id`, `from_user_id`, `to_user_id`, `message_header`, `message_body`, `is_delivered`, `was_edited`, `created_at`, `updated_at`) VALUES (20, 20, 20, 'Minus fugiat perspiciatis et fugiat. Harum blanditiis veniam hic eum at dignissimos animi.', 'Amet saepe dolores consequatur hic quos. Aut eaque omnis eveniet sequi voluptatem consequatur id. Atque autem architecto ducimus velit.', 0, 0, '2001-06-21 11:28:10', '1990-11-06 17:05:00');
INSERT INTO `messages` (`id`, `from_user_id`, `to_user_id`, `message_header`, `message_body`, `is_delivered`, `was_edited`, `created_at`, `updated_at`) VALUES (21, 21, 21, 'Eius totam qui sed. Sint sunt quo dolorum a praesentium ab et doloremque. Quis exercitationem nihil aut eos eos. Hic omnis quia iste et officia iusto.', 'Et ut fuga placeat optio et aliquam quae. Optio sunt hic neque. Beatae ullam necessitatibus repudiandae dolores itaque.', 1, 0, '1971-10-10 07:01:48', '1996-06-30 12:52:49');
INSERT INTO `messages` (`id`, `from_user_id`, `to_user_id`, `message_header`, `message_body`, `is_delivered`, `was_edited`, `created_at`, `updated_at`) VALUES (22, 22, 22, 'Autem voluptatum optio est consequuntur architecto possimus. Eaque repellat rerum quidem similique quia blanditiis. A cum aut officiis aut autem voluptatem odio.', 'Est sapiente consequuntur labore. Fuga nam et aut perferendis architecto libero atque. Deleniti beatae et aut at aut dignissimos. Quis nulla ipsum ex voluptatem.', 1, 0, '1974-12-03 16:21:18', '2000-10-16 07:45:27');
INSERT INTO `messages` (`id`, `from_user_id`, `to_user_id`, `message_header`, `message_body`, `is_delivered`, `was_edited`, `created_at`, `updated_at`) VALUES (23, 23, 23, 'Dolorem suscipit qui nam blanditiis laudantium nemo. Molestias enim placeat placeat. At et repellendus corporis.', 'Et cumque est porro. Ut tempore nemo assumenda. Doloribus veritatis enim doloremque quia. Qui atque delectus tempore.', 1, 0, '2015-08-04 09:33:37', '1982-05-14 18:45:11');
INSERT INTO `messages` (`id`, `from_user_id`, `to_user_id`, `message_header`, `message_body`, `is_delivered`, `was_edited`, `created_at`, `updated_at`) VALUES (24, 24, 24, 'Modi qui quaerat id sit. Placeat cupiditate sit sit non officiis non illo. Itaque dolorem aut minima nostrum. Repellendus aliquid voluptatem quidem in consequatur at. Consequatur fugiat quam excepturi id quas dolorem.', 'Dicta quasi et dolor aspernatur. Quia non et consequatur. Neque non vitae nobis maiores perspiciatis quia rerum. Quibusdam ab voluptates nemo.', 0, 0, '1988-10-23 20:38:35', '1973-02-01 23:20:35');
INSERT INTO `messages` (`id`, `from_user_id`, `to_user_id`, `message_header`, `message_body`, `is_delivered`, `was_edited`, `created_at`, `updated_at`) VALUES (25, 25, 25, 'Esse quaerat laborum et doloremque aut aut. Doloremque dolores sapiente suscipit aut deleniti ducimus et. Culpa assumenda non ad et et non.', 'Et non aut ut. Perferendis est quisquam nihil nobis sit. Voluptatum qui delectus aliquid est et autem. Ex et ipsam qui assumenda vel asperiores.', 0, 0, '1979-08-15 05:05:52', '2021-06-10 08:26:52');
INSERT INTO `messages` (`id`, `from_user_id`, `to_user_id`, `message_header`, `message_body`, `is_delivered`, `was_edited`, `created_at`, `updated_at`) VALUES (26, 26, 26, 'Magni accusantium et expedita earum culpa. Eos cupiditate ut modi delectus. Sit unde rerum soluta tenetur. Vero aut omnis magnam voluptatum consequatur vero.', 'Dolorem qui molestiae quisquam quo. Neque quis voluptates sunt delectus. Veniam facere eum optio.', 0, 0, '2017-02-07 15:52:06', '1992-11-18 00:58:17');
INSERT INTO `messages` (`id`, `from_user_id`, `to_user_id`, `message_header`, `message_body`, `is_delivered`, `was_edited`, `created_at`, `updated_at`) VALUES (27, 27, 27, 'Et neque fuga cumque voluptas reiciendis ea voluptatem. Est illum atque quae est delectus ut. Et aut officiis unde sed natus molestiae tempore.', 'Dolorem qui tempore voluptas dignissimos sint. Neque excepturi et ut quasi minus voluptas.', 1, 0, '1988-07-08 01:10:18', '2012-09-29 09:53:14');
INSERT INTO `messages` (`id`, `from_user_id`, `to_user_id`, `message_header`, `message_body`, `is_delivered`, `was_edited`, `created_at`, `updated_at`) VALUES (28, 28, 28, 'Saepe vel adipisci molestias culpa autem. Quia consectetur et voluptates velit. Fugiat est error qui accusamus qui enim ea. Illum sed laudantium officiis laboriosam voluptatibus praesentium.', 'Hic quidem non nisi et velit consequatur sapiente nulla. Ullam et provident tenetur doloribus quia officiis ut. Nihil quia et sint totam optio. Asperiores est voluptatibus qui enim temporibus non omnis.', 0, 0, '2006-06-06 09:44:17', '2012-06-24 13:15:46');
INSERT INTO `messages` (`id`, `from_user_id`, `to_user_id`, `message_header`, `message_body`, `is_delivered`, `was_edited`, `created_at`, `updated_at`) VALUES (29, 29, 29, 'Totam aspernatur at minima. Fugit et autem non eius fugiat qui impedit. Qui provident recusandae voluptates aut.', 'Perspiciatis nihil vel est vel quia. Dolores sunt numquam placeat assumenda. Laboriosam quia similique non hic. Ipsam aut rerum aut molestiae voluptatibus sint.', 1, 0, '2006-01-04 03:11:04', '1980-03-07 05:43:39');
INSERT INTO `messages` (`id`, `from_user_id`, `to_user_id`, `message_header`, `message_body`, `is_delivered`, `was_edited`, `created_at`, `updated_at`) VALUES (30, 30, 30, 'In sunt voluptate ut illo. Ipsum magnam eligendi necessitatibus cupiditate autem ut dolorem eos. Et consequatur molestiae amet perferendis. Ea harum velit et laborum tenetur.', 'Possimus sit sint expedita libero voluptatem error. Molestiae nobis quis magnam ut. Voluptas non libero laudantium rerum et. Eligendi recusandae sit adipisci non similique dolores eos est.', 0, 0, '1978-08-04 07:46:23', '2020-12-27 00:23:18');
INSERT INTO `messages` (`id`, `from_user_id`, `to_user_id`, `message_header`, `message_body`, `is_delivered`, `was_edited`, `created_at`, `updated_at`) VALUES (31, 31, 31, 'Atque natus tenetur sit deleniti sed eos et. Recusandae quis tempore laudantium odit. Praesentium eos labore officiis optio fuga vel.', 'Sunt voluptates ratione et maiores. Eligendi voluptatem odio quidem praesentium et. Quidem qui delectus quam perspiciatis non.', 0, 0, '1977-08-21 09:52:03', '1983-06-18 04:59:38');
INSERT INTO `messages` (`id`, `from_user_id`, `to_user_id`, `message_header`, `message_body`, `is_delivered`, `was_edited`, `created_at`, `updated_at`) VALUES (32, 32, 32, 'Dolores aut quidem ratione vitae reprehenderit debitis. Voluptatem neque accusantium ex hic enim officia architecto. Doloribus quas possimus dolores libero aut quo.', 'Vel molestias quod dolor recusandae. Illo aspernatur et consequatur quos. Molestias sequi sit enim aliquid. Et voluptas et asperiores est odit.', 1, 0, '1986-07-20 05:47:31', '1994-12-12 02:44:52');
INSERT INTO `messages` (`id`, `from_user_id`, `to_user_id`, `message_header`, `message_body`, `is_delivered`, `was_edited`, `created_at`, `updated_at`) VALUES (33, 33, 33, 'Natus rem maxime et a omnis. Nihil optio modi qui beatae iure et vero. Dolorum consectetur dolorem sit molestias qui voluptatum eum.', 'Ipsa aut assumenda saepe a qui voluptas. Vero voluptates assumenda sed adipisci minus ipsa. Earum aliquid eius distinctio deserunt magnam. Odio officiis magnam cupiditate consequatur voluptatum eaque ipsa.', 1, 0, '1980-12-21 08:09:26', '1970-12-23 16:43:48');
INSERT INTO `messages` (`id`, `from_user_id`, `to_user_id`, `message_header`, `message_body`, `is_delivered`, `was_edited`, `created_at`, `updated_at`) VALUES (34, 34, 34, 'Eaque odio iure quo quasi doloribus. Omnis odit fugit voluptas quisquam. Similique architecto ut tenetur recusandae harum. Aliquam earum sapiente quam ducimus tempore laudantium.', 'Doloremque iure officia praesentium velit voluptatem aut. Nostrum animi delectus quidem incidunt non et. Repellat veritatis incidunt ipsa exercitationem ut ipsa distinctio. Debitis consectetur officiis corporis beatae. Non deserunt qui debitis debitis facere delectus.', 1, 0, '1989-04-03 19:31:47', '1983-08-06 04:48:00');
INSERT INTO `messages` (`id`, `from_user_id`, `to_user_id`, `message_header`, `message_body`, `is_delivered`, `was_edited`, `created_at`, `updated_at`) VALUES (35, 35, 35, 'Consectetur laborum accusantium iusto reiciendis quam. Qui aut et ut fugit ex. Architecto blanditiis reprehenderit veniam nobis. Vel nihil quae qui nobis ullam.', 'Quia aliquid veritatis voluptatem molestias alias. Quis ut ut pariatur quia non eos sed. Qui unde sed qui. Suscipit nesciunt aut at tempora animi.', 0, 0, '2008-04-24 07:05:17', '2014-09-20 22:40:46');
INSERT INTO `messages` (`id`, `from_user_id`, `to_user_id`, `message_header`, `message_body`, `is_delivered`, `was_edited`, `created_at`, `updated_at`) VALUES (36, 36, 36, 'Adipisci consequuntur at ratione placeat consequuntur facere maiores. Sed et et enim recusandae. Autem et facilis mollitia et reprehenderit tempore illum. Est dolor voluptatum iste minima magnam officia. Modi nesciunt quia error ab.', 'Numquam quam et dolores nemo veritatis voluptatem. Sed hic quia vel rerum temporibus harum perspiciatis voluptatem. Optio exercitationem eligendi nostrum velit. Magnam autem omnis autem sit eligendi. Veniam earum quia incidunt non veniam.', 1, 0, '1991-03-02 15:30:12', '2014-04-15 14:09:15');
INSERT INTO `messages` (`id`, `from_user_id`, `to_user_id`, `message_header`, `message_body`, `is_delivered`, `was_edited`, `created_at`, `updated_at`) VALUES (37, 37, 37, 'Facilis iure dolorem animi voluptas voluptatem enim eveniet quae. Necessitatibus quae aut non.', 'Animi magni qui vel commodi iure similique quasi eligendi. Accusantium rerum itaque facilis eius voluptatibus. Cupiditate sed dolorem est aspernatur alias et. Eaque vitae libero qui similique delectus quos.', 0, 0, '1996-05-02 04:38:30', '2001-06-01 15:16:36');
INSERT INTO `messages` (`id`, `from_user_id`, `to_user_id`, `message_header`, `message_body`, `is_delivered`, `was_edited`, `created_at`, `updated_at`) VALUES (38, 38, 38, 'Accusamus aspernatur dicta aut qui rerum est mollitia. Consectetur optio mollitia qui officiis eaque consequatur est ipsam. Rerum qui cumque quia tempora in minus. Voluptas numquam explicabo rerum ratione quis.', 'Qui natus tenetur eum qui aut. Non perspiciatis et officia est repudiandae adipisci. A et illo assumenda qui ipsum et. Voluptatem ipsam animi tenetur quia.', 1, 0, '2001-01-21 00:31:07', '2008-02-25 16:26:04');
INSERT INTO `messages` (`id`, `from_user_id`, `to_user_id`, `message_header`, `message_body`, `is_delivered`, `was_edited`, `created_at`, `updated_at`) VALUES (39, 39, 39, 'Ratione facere tempore aut et nihil eaque ab. Maiores iusto culpa dicta eveniet voluptatum qui. Debitis officia aut sit saepe incidunt dicta id.', 'Facere est provident magnam mollitia omnis quaerat. Facere aperiam hic dolor provident voluptatem iure atque. Et voluptates officia aut et sed maxime aliquid doloremque.', 0, 0, '2008-02-20 08:30:01', '1978-01-30 05:57:20');
INSERT INTO `messages` (`id`, `from_user_id`, `to_user_id`, `message_header`, `message_body`, `is_delivered`, `was_edited`, `created_at`, `updated_at`) VALUES (40, 40, 40, 'Qui reiciendis ut voluptas velit provident sint eveniet. Animi cum qui voluptatum consequuntur enim minima sequi enim.', 'Est cumque voluptatem omnis vel porro occaecati atque sint. Ducimus qui placeat accusantium qui natus quod culpa. Vel dolor adipisci non magni. Illum voluptatum rerum modi ad omnis. In ut porro quisquam molestias.', 0, 0, '1996-08-05 13:16:14', '1974-03-15 05:57:51');
INSERT INTO `messages` (`id`, `from_user_id`, `to_user_id`, `message_header`, `message_body`, `is_delivered`, `was_edited`, `created_at`, `updated_at`) VALUES (41, 41, 41, 'Iure id velit voluptas qui. Qui quia fugiat et sed vitae consequatur. Reprehenderit debitis rerum architecto. Rerum placeat placeat accusamus laudantium libero.', 'Possimus ut veniam sed nemo illo nam nihil. Voluptatem illo sint ipsam magni animi. Perspiciatis minima sit itaque.', 1, 0, '2005-03-29 02:46:18', '1973-10-31 03:17:37');
INSERT INTO `messages` (`id`, `from_user_id`, `to_user_id`, `message_header`, `message_body`, `is_delivered`, `was_edited`, `created_at`, `updated_at`) VALUES (42, 42, 42, 'Molestias voluptas quam in magnam ratione mollitia. Rerum vero recusandae aut sequi sit tempore. Nesciunt ipsam temporibus omnis aliquid voluptatem sed.', 'Dolorum odio ducimus quidem consequuntur nulla minima qui. Hic qui qui qui sunt. Omnis tempora nihil quae dolores in nemo.', 1, 0, '2008-01-06 20:58:49', '1976-01-02 06:33:45');
INSERT INTO `messages` (`id`, `from_user_id`, `to_user_id`, `message_header`, `message_body`, `is_delivered`, `was_edited`, `created_at`, `updated_at`) VALUES (43, 43, 43, 'Molestiae ex dolorem maxime. Culpa delectus sint eos laborum vitae. Iure aperiam nostrum quaerat beatae est voluptatem earum.', 'Laborum quasi voluptatem non laborum. Magnam accusantium illum inventore. Reiciendis id aut rerum non.', 0, 0, '2016-04-15 14:03:22', '2010-09-16 17:09:20');
INSERT INTO `messages` (`id`, `from_user_id`, `to_user_id`, `message_header`, `message_body`, `is_delivered`, `was_edited`, `created_at`, `updated_at`) VALUES (44, 44, 44, 'Inventore qui expedita placeat numquam. Ab voluptatem aspernatur omnis dolor pariatur.', 'Quibusdam iusto ducimus sapiente blanditiis vel quis qui et. Ratione cumque odit ex sit. Sed vel id ex quia ut. Cumque explicabo vitae quia tenetur. Nemo aut provident ducimus.', 0, 0, '2018-06-20 14:17:17', '2005-09-05 13:50:03');
INSERT INTO `messages` (`id`, `from_user_id`, `to_user_id`, `message_header`, `message_body`, `is_delivered`, `was_edited`, `created_at`, `updated_at`) VALUES (45, 45, 45, 'Est voluptatem sed quam laudantium ipsum quas. Qui ad ipsam cum sint iure expedita rerum quo. Rerum dicta modi quia quia esse nostrum.', 'Delectus sunt rerum eos ducimus doloremque laudantium. Perferendis dolore facere tempora sint sint atque. Ipsum sed et eum porro et impedit. Quibusdam odit tempore quam maxime similique ea.', 0, 0, '1972-07-25 17:57:57', '1998-10-01 18:40:45');
INSERT INTO `messages` (`id`, `from_user_id`, `to_user_id`, `message_header`, `message_body`, `is_delivered`, `was_edited`, `created_at`, `updated_at`) VALUES (46, 46, 46, 'Qui aperiam harum similique repellendus hic fugiat. Doloremque ut ut sed quisquam optio iusto. Velit porro eum cupiditate quasi nostrum tempore delectus fuga. Quia eum ipsum dolor debitis reiciendis voluptatum id.', 'Molestiae in magni rerum. Non sapiente est earum dicta natus accusantium.', 0, 0, '1986-06-24 12:48:24', '1983-10-23 06:33:14');
INSERT INTO `messages` (`id`, `from_user_id`, `to_user_id`, `message_header`, `message_body`, `is_delivered`, `was_edited`, `created_at`, `updated_at`) VALUES (47, 47, 47, 'Necessitatibus tempora quis impedit ipsa enim molestiae ratione. Distinctio ipsa optio repellendus quas consequatur voluptates itaque.', 'Vel nobis molestiae tenetur quibusdam. Porro officia voluptatem quod sed perspiciatis. Ut nisi aut voluptatem culpa debitis. Qui occaecati pariatur sapiente.', 0, 0, '1991-01-23 10:42:54', '1976-02-24 22:01:26');
INSERT INTO `messages` (`id`, `from_user_id`, `to_user_id`, `message_header`, `message_body`, `is_delivered`, `was_edited`, `created_at`, `updated_at`) VALUES (48, 48, 48, 'Delectus autem nemo beatae dolor non laboriosam. Debitis tenetur omnis est voluptatum aut rerum. Impedit sint et aperiam laudantium natus. Quia soluta cupiditate molestias doloribus cupiditate.', 'Rerum aut nobis dolor eaque quo sit accusamus. Iste autem atque nihil dolor et recusandae enim. Aut est recusandae ullam ut eum illo autem sit. Officiis nihil necessitatibus aut.', 1, 0, '2000-01-11 04:06:49', '1999-06-15 23:38:16');
INSERT INTO `messages` (`id`, `from_user_id`, `to_user_id`, `message_header`, `message_body`, `is_delivered`, `was_edited`, `created_at`, `updated_at`) VALUES (49, 49, 49, 'Nihil similique quia sapiente in aspernatur iste excepturi. Itaque nesciunt perspiciatis qui. Et quaerat voluptatibus porro magni deserunt consequatur tempora. Assumenda delectus voluptatibus porro aut.', 'Sint voluptatem rem voluptas velit consequatur. Facere omnis commodi nobis nisi provident facilis rerum. Quis aperiam quae cum laborum aliquid reiciendis.', 1, 0, '1997-04-26 01:04:45', '2014-07-31 07:17:43');
INSERT INTO `messages` (`id`, `from_user_id`, `to_user_id`, `message_header`, `message_body`, `is_delivered`, `was_edited`, `created_at`, `updated_at`) VALUES (50, 50, 50, 'Nulla nostrum officiis blanditiis non placeat est perspiciatis. Labore sequi voluptatem eum nesciunt voluptate numquam. Perspiciatis adipisci repellendus mollitia doloremque.', 'Quasi fugiat voluptatum maiores deserunt atque. Corporis provident cumque quo debitis ut et sit accusantium.', 1, 0, '2020-02-03 21:29:36', '2012-03-16 15:50:30');
INSERT INTO `messages` (`id`, `from_user_id`, `to_user_id`, `message_header`, `message_body`, `is_delivered`, `was_edited`, `created_at`, `updated_at`) VALUES (51, 51, 51, 'Eum quas inventore tempora nemo dolorem et sunt. Sed nisi omnis distinctio eaque veniam quam vel. Fugit et quas debitis aspernatur. Molestiae sit laboriosam natus illo enim.', 'Dolor eaque dolores consequatur sed in. Impedit ut minima labore. Dolores ipsam aut doloremque in quidem. Voluptatibus vel nulla aut est eos.', 1, 0, '1998-09-01 14:33:59', '2014-07-29 21:24:23');
INSERT INTO `messages` (`id`, `from_user_id`, `to_user_id`, `message_header`, `message_body`, `is_delivered`, `was_edited`, `created_at`, `updated_at`) VALUES (52, 52, 52, 'Aperiam doloribus consequatur quia error impedit voluptatem. Ratione dignissimos labore enim velit non et delectus.', 'Ipsa eveniet voluptatem molestiae et temporibus molestiae est. Qui quae quae ullam velit omnis aut. Libero saepe totam et earum suscipit molestiae nobis. Voluptas in ullam ipsam eius ipsa ut ea odit.', 1, 0, '2007-05-06 13:23:32', '2008-03-30 14:56:43');
INSERT INTO `messages` (`id`, `from_user_id`, `to_user_id`, `message_header`, `message_body`, `is_delivered`, `was_edited`, `created_at`, `updated_at`) VALUES (53, 53, 53, 'Quidem nesciunt aut non error eum. Iure officia necessitatibus aliquam eos in rerum. Repellat porro praesentium occaecati ut quia qui earum. Est qui quia voluptas dolores veritatis.', 'Vero possimus dicta officiis. Deserunt facilis neque non optio laboriosam. Exercitationem non adipisci ad quidem qui aut. Molestiae ullam ad voluptates in dolorem.', 1, 0, '1987-11-28 20:35:38', '1974-08-17 01:43:21');
INSERT INTO `messages` (`id`, `from_user_id`, `to_user_id`, `message_header`, `message_body`, `is_delivered`, `was_edited`, `created_at`, `updated_at`) VALUES (54, 54, 54, 'Qui ipsum dolorem velit aut qui omnis ducimus assumenda. Nam nesciunt omnis explicabo nobis ea quia. Qui necessitatibus repellendus dolores quaerat. Quibusdam nesciunt maiores accusamus nisi accusamus optio.', 'Dolore nemo consequuntur quo sed atque vel. Ab possimus et est sunt. Dolor sit vel dolorem dicta ut ad.', 1, 0, '2003-03-07 07:53:02', '1982-08-09 00:36:03');
INSERT INTO `messages` (`id`, `from_user_id`, `to_user_id`, `message_header`, `message_body`, `is_delivered`, `was_edited`, `created_at`, `updated_at`) VALUES (55, 55, 55, 'Qui sint porro cupiditate rem dolor similique aut. Officia veritatis possimus tempora quidem consequuntur maxime et. Architecto autem est deleniti eveniet ut aperiam.', 'Est cum dolores culpa eaque reprehenderit voluptatem. Magni doloribus dolorem et autem odit molestiae repellat nihil. Enim molestiae eaque voluptas corporis qui alias quasi maxime. Temporibus sunt fugit debitis odit. Autem deleniti similique consequatur aut reiciendis at qui dolorem.', 1, 0, '1975-05-14 07:01:03', '2013-05-15 03:12:22');
INSERT INTO `messages` (`id`, `from_user_id`, `to_user_id`, `message_header`, `message_body`, `is_delivered`, `was_edited`, `created_at`, `updated_at`) VALUES (56, 56, 56, 'Optio voluptatem aut praesentium officia est exercitationem et. Ipsa voluptatem ad dicta dolor. Consequatur similique quasi voluptate molestias sit voluptatem quisquam.', 'Reiciendis quia qui unde dignissimos. Aliquid velit aut ducimus veritatis qui voluptas. Occaecati perferendis nihil laborum qui eligendi voluptas.', 0, 0, '2011-10-04 02:35:06', '2000-03-05 04:35:34');
INSERT INTO `messages` (`id`, `from_user_id`, `to_user_id`, `message_header`, `message_body`, `is_delivered`, `was_edited`, `created_at`, `updated_at`) VALUES (57, 57, 57, 'Ratione qui quis fugiat laudantium odio modi sed. Aperiam explicabo voluptatum facilis. Minus eius ut aliquam vero labore doloremque. Tenetur at illo voluptatem totam deserunt et at.', 'Totam consequatur qui nisi repellat vitae officiis. Ea facere qui est voluptas sit rerum nesciunt. Fugiat et quam eaque alias voluptatem. Soluta officia qui quis qui.', 0, 0, '1989-04-26 21:56:24', '1979-12-14 10:42:59');
INSERT INTO `messages` (`id`, `from_user_id`, `to_user_id`, `message_header`, `message_body`, `is_delivered`, `was_edited`, `created_at`, `updated_at`) VALUES (58, 58, 58, 'Eos eos et doloribus accusantium eum. Dolor culpa nihil corporis quia sunt accusamus laborum. Qui nesciunt est magnam commodi nemo laboriosam odio.', 'Eveniet quaerat praesentium quo at est eaque. Maxime vitae impedit quisquam aut est laborum dicta.', 1, 0, '1978-05-03 17:08:24', '2021-04-10 22:37:47');
INSERT INTO `messages` (`id`, `from_user_id`, `to_user_id`, `message_header`, `message_body`, `is_delivered`, `was_edited`, `created_at`, `updated_at`) VALUES (59, 59, 59, 'Quo adipisci omnis voluptas quis molestiae sed quia. Velit quas cum eos eum aut est est. Qui labore qui nobis sit nesciunt.', 'Error neque quam autem aliquam aperiam. Enim facilis soluta assumenda explicabo recusandae et quos. Fugiat corrupti et qui facere enim. Laboriosam veniam quis dolorem molestiae est accusamus qui.', 1, 0, '2013-07-16 02:22:40', '1995-11-28 08:06:06');
INSERT INTO `messages` (`id`, `from_user_id`, `to_user_id`, `message_header`, `message_body`, `is_delivered`, `was_edited`, `created_at`, `updated_at`) VALUES (60, 60, 60, 'Deleniti deleniti maiores dolorem dignissimos. Veniam est hic rerum libero quia quaerat explicabo. Explicabo aut doloremque nihil. Sint aut reiciendis magni deserunt qui repudiandae.', 'Est consequatur et eum ea et rerum dolorem. Id voluptatem ut ut. Est cupiditate et in ipsa reprehenderit aut. Placeat deserunt minus libero nisi ipsa explicabo placeat ut.', 0, 0, '1992-06-21 19:52:41', '2005-08-10 16:43:16');
INSERT INTO `messages` (`id`, `from_user_id`, `to_user_id`, `message_header`, `message_body`, `is_delivered`, `was_edited`, `created_at`, `updated_at`) VALUES (61, 61, 61, 'Neque est laboriosam alias blanditiis quis nihil animi sapiente. Id a non expedita sit dolores sunt magni. Pariatur quod et perspiciatis nam autem. Deserunt consequatur qui impedit omnis sed.', 'Temporibus non numquam non asperiores doloribus delectus ut incidunt. Ullam et ad a similique quasi. Laboriosam et officiis sed maiores ex. Rerum ad eos non assumenda aut.', 1, 0, '1975-01-17 14:03:38', '1974-06-30 21:29:35');
INSERT INTO `messages` (`id`, `from_user_id`, `to_user_id`, `message_header`, `message_body`, `is_delivered`, `was_edited`, `created_at`, `updated_at`) VALUES (62, 62, 62, 'Culpa soluta nisi quaerat nulla dolore qui. Adipisci nihil consectetur aliquid aut. Nemo perferendis voluptate libero dolore et. Aut et accusantium numquam maiores sint nulla asperiores.', 'Ullam omnis quas fuga sunt cum. Odio quo molestiae officiis consequatur.', 1, 0, '2005-08-30 00:21:54', '2005-08-10 05:08:51');
INSERT INTO `messages` (`id`, `from_user_id`, `to_user_id`, `message_header`, `message_body`, `is_delivered`, `was_edited`, `created_at`, `updated_at`) VALUES (63, 63, 63, 'Nemo dolorem et facere dolor neque repudiandae. Accusamus et corporis dolorum laboriosam at. Quia aut ea impedit dolorem qui.', 'Autem eveniet earum quia. Iste quia est facere maiores voluptates sit perspiciatis. Sint quidem facilis earum veniam aliquid dolorem eos. Quae minus est quibusdam.', 0, 0, '2015-08-21 00:01:19', '2018-08-10 09:22:43');
INSERT INTO `messages` (`id`, `from_user_id`, `to_user_id`, `message_header`, `message_body`, `is_delivered`, `was_edited`, `created_at`, `updated_at`) VALUES (64, 64, 64, 'Quidem est omnis sunt adipisci est sint. Molestias saepe delectus rerum autem. Repellendus sed ullam nemo molestiae adipisci voluptatem sit. Ratione ipsum nulla odio qui illo consectetur dolorem.', 'Et molestias corrupti tenetur saepe ut. Est quasi voluptatem veniam qui est consequatur tenetur. Aut similique soluta corporis dolores quidem consectetur.', 0, 0, '1984-08-21 14:18:13', '2004-01-20 17:20:02');
INSERT INTO `messages` (`id`, `from_user_id`, `to_user_id`, `message_header`, `message_body`, `is_delivered`, `was_edited`, `created_at`, `updated_at`) VALUES (65, 65, 65, 'Accusantium doloremque dolores nostrum ea. Ut modi soluta officia. Voluptas alias voluptas cupiditate aliquam.', 'Voluptas aut omnis et adipisci. Omnis cupiditate est temporibus illum autem at provident. Et excepturi mollitia ea repudiandae.', 1, 0, '1996-05-29 00:50:23', '1995-06-20 01:47:46');
INSERT INTO `messages` (`id`, `from_user_id`, `to_user_id`, `message_header`, `message_body`, `is_delivered`, `was_edited`, `created_at`, `updated_at`) VALUES (66, 66, 66, 'Est id iste velit. Voluptates animi repellendus cupiditate enim omnis ab. Maiores exercitationem eos sapiente doloribus. Enim saepe quis iure quis eius.', 'Laudantium id voluptatem qui minus minima reprehenderit voluptatum. Tempora sit officia dolor deleniti omnis aut. Velit vel corporis ab eos molestiae quo consequuntur ab.', 1, 0, '1987-02-06 02:45:26', '1988-04-20 10:05:30');
INSERT INTO `messages` (`id`, `from_user_id`, `to_user_id`, `message_header`, `message_body`, `is_delivered`, `was_edited`, `created_at`, `updated_at`) VALUES (67, 67, 67, 'Eos veniam maxime et aut. Minima sapiente sit aliquam autem. Excepturi dolore doloremque occaecati. Atque quis et possimus odio dignissimos veniam sint non.', 'Temporibus architecto libero commodi facilis magni soluta corporis qui. Atque amet veritatis illo vel aut fuga in mollitia.', 0, 0, '1982-06-28 14:29:46', '1986-09-21 08:21:02');
INSERT INTO `messages` (`id`, `from_user_id`, `to_user_id`, `message_header`, `message_body`, `is_delivered`, `was_edited`, `created_at`, `updated_at`) VALUES (68, 68, 68, 'Maiores nihil ab ducimus eum molestiae nulla sapiente. Eius similique cupiditate sequi delectus earum enim dolorem. Consequatur laboriosam reiciendis excepturi et voluptatem amet impedit. Autem debitis id incidunt officiis libero est.', 'Voluptatem maiores non non rem hic. Neque est molestias et animi quia libero nesciunt illum.', 1, 0, '1993-06-22 08:11:44', '2017-05-25 18:45:36');
INSERT INTO `messages` (`id`, `from_user_id`, `to_user_id`, `message_header`, `message_body`, `is_delivered`, `was_edited`, `created_at`, `updated_at`) VALUES (69, 69, 69, 'Odit pariatur ab maxime impedit. Sequi id enim distinctio qui est aperiam. Numquam saepe voluptate iusto voluptate iusto excepturi accusamus voluptates.', 'Repudiandae voluptatem tenetur ut facere. Consequatur ut dicta quo aspernatur rem voluptatibus. Eligendi modi non omnis minima nisi.', 0, 0, '2009-09-24 03:40:16', '2007-05-27 20:34:19');
INSERT INTO `messages` (`id`, `from_user_id`, `to_user_id`, `message_header`, `message_body`, `is_delivered`, `was_edited`, `created_at`, `updated_at`) VALUES (70, 70, 70, 'Ab enim mollitia consequatur accusamus. Est in a id dolorem ea soluta. Commodi fugit amet maiores eos qui. Et quia autem alias officia exercitationem et.', 'Numquam sit reprehenderit quaerat tenetur. Quia aut quibusdam voluptas asperiores deserunt soluta iure. In quidem dolorum eum veritatis dolor. Quia et ut et. Nihil consequatur dolorem accusantium qui dolores non omnis.', 1, 0, '2000-10-16 20:29:08', '1997-08-29 22:25:47');
INSERT INTO `messages` (`id`, `from_user_id`, `to_user_id`, `message_header`, `message_body`, `is_delivered`, `was_edited`, `created_at`, `updated_at`) VALUES (71, 71, 71, 'Veniam corporis porro inventore amet quibusdam. Voluptas nisi dolorum voluptatem omnis quod. Suscipit molestiae est voluptas est ipsa. Explicabo in inventore reprehenderit.', 'Quia suscipit molestias voluptatibus velit ea. Distinctio vitae quod et voluptatem autem pariatur. Nisi amet dignissimos sit et.', 1, 0, '1995-04-16 22:11:16', '1989-12-20 01:38:11');
INSERT INTO `messages` (`id`, `from_user_id`, `to_user_id`, `message_header`, `message_body`, `is_delivered`, `was_edited`, `created_at`, `updated_at`) VALUES (72, 72, 72, 'Tenetur odio animi sequi voluptas. Corporis sed unde cum ratione cum consequatur. Distinctio aut est possimus ducimus veritatis. Unde ab commodi architecto dolores praesentium eum enim nostrum.', 'Impedit atque et officiis assumenda qui. Quidem officiis ut eos aut voluptas incidunt. A magnam expedita eius. Illo et quia voluptas ipsam.', 1, 0, '2006-03-31 08:11:08', '2021-03-02 07:01:09');
INSERT INTO `messages` (`id`, `from_user_id`, `to_user_id`, `message_header`, `message_body`, `is_delivered`, `was_edited`, `created_at`, `updated_at`) VALUES (73, 73, 73, 'Magni praesentium modi unde voluptates ipsam aliquid. Dolor commodi culpa illo. Ut sapiente culpa distinctio facere. Hic qui rem quibusdam vitae ut porro dolor.', 'Veritatis quis et accusantium a nobis eos. Beatae quia officia autem alias similique eius vero sapiente. Nihil omnis beatae sit quisquam molestias. Delectus autem dolores quam quo distinctio deleniti sit. Corporis consequatur aliquam adipisci corrupti quae repellendus cupiditate.', 1, 0, '1976-03-27 13:29:26', '1995-01-23 20:07:48');
INSERT INTO `messages` (`id`, `from_user_id`, `to_user_id`, `message_header`, `message_body`, `is_delivered`, `was_edited`, `created_at`, `updated_at`) VALUES (74, 74, 74, 'Voluptas doloribus ullam sunt quod iure. Aut occaecati porro sit dolore fugit. Perferendis dignissimos rerum distinctio commodi.', 'Repudiandae est reiciendis id architecto consequatur provident distinctio. Odio laudantium et numquam alias. Quis et consequatur enim molestias adipisci. Quibusdam harum impedit quia quis.', 0, 0, '1975-07-01 12:34:30', '2016-11-22 19:41:31');
INSERT INTO `messages` (`id`, `from_user_id`, `to_user_id`, `message_header`, `message_body`, `is_delivered`, `was_edited`, `created_at`, `updated_at`) VALUES (75, 75, 75, 'Voluptatem magni exercitationem fuga praesentium sunt molestias officiis. Incidunt quas modi est voluptas et sed. Velit earum et cum earum ut libero veritatis.', 'Nisi magnam enim expedita mollitia. Voluptas sed at aperiam quibusdam error enim. Sint alias saepe rem aut corrupti quia provident. Alias omnis est delectus ut itaque officia.', 1, 0, '1982-02-12 14:39:11', '1992-03-25 15:15:37');
INSERT INTO `messages` (`id`, `from_user_id`, `to_user_id`, `message_header`, `message_body`, `is_delivered`, `was_edited`, `created_at`, `updated_at`) VALUES (76, 76, 76, 'Placeat nihil aspernatur quas ratione ut. Qui perspiciatis numquam magnam reprehenderit. Minus sit minima quo laudantium aut distinctio.', 'Voluptatem vel cumque animi reprehenderit. Consequuntur et et quia ut et tenetur nobis. Et cum maxime reprehenderit aut reprehenderit quam.', 1, 0, '2019-03-03 16:38:09', '2007-06-02 05:26:36');
INSERT INTO `messages` (`id`, `from_user_id`, `to_user_id`, `message_header`, `message_body`, `is_delivered`, `was_edited`, `created_at`, `updated_at`) VALUES (77, 77, 77, 'Omnis dolorum aut doloremque itaque similique sunt itaque voluptas. Sed dicta molestias animi totam rerum nihil voluptatibus. Sed quis laboriosam sint eius aut. Dolorem et est illum aut inventore non.', 'Qui corporis omnis neque. Molestias sunt suscipit cupiditate blanditiis. Nihil soluta totam perspiciatis tenetur.', 1, 0, '1976-02-23 14:27:49', '2020-10-07 09:59:14');
INSERT INTO `messages` (`id`, `from_user_id`, `to_user_id`, `message_header`, `message_body`, `is_delivered`, `was_edited`, `created_at`, `updated_at`) VALUES (78, 78, 78, 'Itaque harum facere debitis ipsa aliquid. Sint aut sequi similique qui minima iusto enim.', 'Magni distinctio et error dolores eum minus nihil. Fugit aut sunt tempore tenetur. Earum minima accusantium animi dolor quos. Dolore eveniet ea eos.', 0, 0, '1973-02-11 17:41:18', '2020-08-30 09:18:49');
INSERT INTO `messages` (`id`, `from_user_id`, `to_user_id`, `message_header`, `message_body`, `is_delivered`, `was_edited`, `created_at`, `updated_at`) VALUES (79, 79, 79, 'Consequatur ipsam ipsum quas quisquam. Tenetur qui cum totam et. Ea ut eum ut voluptatem consectetur omnis quas id. Laudantium fugit ratione deserunt occaecati. Itaque qui nam quae consequatur illo architecto quo consequatur.', 'Esse suscipit quidem neque officiis rerum. Temporibus sit et odit repellat deleniti eos. Molestiae dolor exercitationem a aliquam ducimus est et.', 0, 0, '1989-02-17 08:53:05', '1980-02-29 20:36:20');
INSERT INTO `messages` (`id`, `from_user_id`, `to_user_id`, `message_header`, `message_body`, `is_delivered`, `was_edited`, `created_at`, `updated_at`) VALUES (80, 80, 80, 'Aut voluptas corrupti nostrum magnam sint beatae voluptatum nostrum. Rerum rerum quibusdam ea voluptas molestiae voluptas est. Voluptatem rerum omnis est eos corporis. Deserunt quo soluta sed aut.', 'Ex quisquam omnis est sit doloribus ut. Inventore dolorem asperiores ut eum quam. Quia ab ab quia qui praesentium impedit voluptatibus et. Blanditiis et in praesentium et necessitatibus.', 1, 0, '1984-02-17 22:11:11', '1976-07-12 05:22:09');
INSERT INTO `messages` (`id`, `from_user_id`, `to_user_id`, `message_header`, `message_body`, `is_delivered`, `was_edited`, `created_at`, `updated_at`) VALUES (81, 81, 81, 'Ut nulla nam voluptas voluptas. Ipsam officiis debitis laborum ab illo eos illum ex. Dicta consequatur necessitatibus est consequatur.', 'Animi corrupti adipisci sunt aut aliquid vel. Ea quis corrupti id enim voluptas consectetur. Error sed similique aut vero velit est modi.', 1, 0, '2010-02-26 06:04:37', '1978-04-19 13:52:28');
INSERT INTO `messages` (`id`, `from_user_id`, `to_user_id`, `message_header`, `message_body`, `is_delivered`, `was_edited`, `created_at`, `updated_at`) VALUES (82, 82, 82, 'Praesentium dolore delectus ipsum possimus consequatur facere pariatur. Voluptate ea aut est non. Ea voluptas hic dolore ratione asperiores. Enim sit sed voluptas asperiores animi ut et nulla. Et qui cum praesentium neque.', 'Doloremque placeat reprehenderit est enim. Impedit corporis suscipit consequatur sint ex corporis. Cumque veniam aliquid est blanditiis dolores dolores. Dolorem reiciendis molestiae occaecati et commodi.', 1, 0, '1990-11-19 18:08:09', '1994-11-13 06:06:20');
INSERT INTO `messages` (`id`, `from_user_id`, `to_user_id`, `message_header`, `message_body`, `is_delivered`, `was_edited`, `created_at`, `updated_at`) VALUES (83, 83, 83, 'Enim placeat libero illo repellendus et ducimus porro recusandae. Similique ea ex laboriosam quibusdam perferendis aperiam optio. Non beatae labore impedit qui architecto ut optio quis.', 'Est esse et corrupti fuga dolores quis ex alias. Et ducimus sed in magnam voluptatem voluptas.', 0, 0, '2018-06-19 21:45:50', '1974-12-21 04:23:53');
INSERT INTO `messages` (`id`, `from_user_id`, `to_user_id`, `message_header`, `message_body`, `is_delivered`, `was_edited`, `created_at`, `updated_at`) VALUES (84, 84, 84, 'Iste necessitatibus deserunt rerum quasi impedit aut odio. Occaecati nobis cum exercitationem maxime. Quis iure numquam repudiandae fugiat blanditiis iste. Ullam qui enim est voluptatem alias modi.', 'Rerum sed quidem pariatur eligendi aliquid voluptatum. Est laborum voluptate earum laboriosam reiciendis qui sint. Eveniet nisi esse aliquid ut laboriosam eligendi. Dignissimos facere laudantium voluptates quisquam aperiam consectetur.', 1, 0, '1982-04-02 00:00:20', '2019-07-24 22:29:56');
INSERT INTO `messages` (`id`, `from_user_id`, `to_user_id`, `message_header`, `message_body`, `is_delivered`, `was_edited`, `created_at`, `updated_at`) VALUES (85, 85, 85, 'Minima magni neque omnis impedit dolores vero. Fuga atque est est enim. Aut rerum tempore aliquam et nam id repellat.', 'Occaecati optio autem eaque aspernatur et. Tempora ut modi laborum vel. Voluptate dolores at autem quia natus nemo quia. Modi illo architecto neque ea.', 0, 0, '1995-02-01 12:44:28', '1984-05-21 17:39:04');
INSERT INTO `messages` (`id`, `from_user_id`, `to_user_id`, `message_header`, `message_body`, `is_delivered`, `was_edited`, `created_at`, `updated_at`) VALUES (86, 86, 86, 'Deserunt earum quasi iusto sunt aut repudiandae. Reprehenderit ea tenetur sed illum tempora animi. Sed quisquam et mollitia qui et nemo. Quas eveniet nihil sapiente deleniti consectetur repudiandae dolorem.', 'Sint sunt ea doloremque. Provident assumenda ad sequi perspiciatis. Asperiores corrupti recusandae qui ut maiores.', 0, 0, '1986-03-30 12:55:17', '2001-01-31 13:45:44');
INSERT INTO `messages` (`id`, `from_user_id`, `to_user_id`, `message_header`, `message_body`, `is_delivered`, `was_edited`, `created_at`, `updated_at`) VALUES (87, 87, 87, 'Recusandae aliquid eum explicabo nisi consequatur officiis omnis. Perspiciatis eos eligendi culpa sint. Nihil magni laboriosam qui necessitatibus qui non. Ut unde non facilis temporibus eveniet ad.', 'Nobis accusamus magnam placeat hic et. Quo dicta aut ipsam iure nostrum qui libero quos. Dolorem non sed unde molestiae odio. Quisquam pariatur dolores et sit quas ea ut.', 1, 0, '1977-08-14 00:31:14', '1973-09-08 21:54:45');
INSERT INTO `messages` (`id`, `from_user_id`, `to_user_id`, `message_header`, `message_body`, `is_delivered`, `was_edited`, `created_at`, `updated_at`) VALUES (88, 88, 88, 'Maxime vero aliquid ratione ex sed officiis. Fugit pariatur ut officiis assumenda placeat eum dolore. Voluptas omnis quis commodi occaecati.', 'Sunt qui odit nihil aut quo. Omnis laudantium odit modi consequatur omnis. Sapiente vel beatae eum quia quam ut dicta. Earum quam consectetur saepe necessitatibus non tempore recusandae.', 1, 0, '2016-03-08 17:18:04', '2015-05-29 21:23:44');
INSERT INTO `messages` (`id`, `from_user_id`, `to_user_id`, `message_header`, `message_body`, `is_delivered`, `was_edited`, `created_at`, `updated_at`) VALUES (89, 89, 89, 'Expedita beatae vel fuga sit neque omnis. Est tempore dolorum qui qui ut placeat repudiandae. At beatae laboriosam modi illo.', 'Asperiores qui iure commodi hic. Voluptates culpa velit tenetur perferendis dignissimos inventore expedita. Aliquid quia modi ut temporibus quia perspiciatis.', 1, 0, '1998-02-10 07:09:47', '2016-10-24 12:41:34');
INSERT INTO `messages` (`id`, `from_user_id`, `to_user_id`, `message_header`, `message_body`, `is_delivered`, `was_edited`, `created_at`, `updated_at`) VALUES (90, 90, 90, 'Expedita expedita suscipit ad non et. Aperiam aut et perferendis eos. Explicabo cumque et voluptate illo neque. Aut id eum nobis.', 'Est sit totam dolor nemo amet in. Non magni at sapiente. At veritatis odio molestiae voluptatibus consequatur inventore magni.', 1, 0, '1998-02-22 21:52:17', '2007-06-02 00:04:59');
INSERT INTO `messages` (`id`, `from_user_id`, `to_user_id`, `message_header`, `message_body`, `is_delivered`, `was_edited`, `created_at`, `updated_at`) VALUES (91, 91, 91, 'Ut soluta quas eos quia consequatur ut. Similique mollitia voluptatem eum et cupiditate. Deleniti est ut cumque dolorem et facere est. Id accusantium asperiores ullam quidem iste. Voluptatibus provident omnis omnis delectus dolore.', 'Omnis nihil ipsa corporis quo sit. Maxime dolorem dolores consectetur libero. Dolorum est odit reiciendis aut. Repellendus cum iste quisquam harum.', 0, 0, '1976-12-27 11:57:01', '1999-05-11 06:41:20');
INSERT INTO `messages` (`id`, `from_user_id`, `to_user_id`, `message_header`, `message_body`, `is_delivered`, `was_edited`, `created_at`, `updated_at`) VALUES (92, 92, 92, 'Dolor consequuntur occaecati deserunt beatae. Laudantium quas ut unde temporibus et iste. Accusantium est ex voluptas sit assumenda non voluptas non.', 'Natus placeat qui inventore sint suscipit nostrum. Eveniet omnis harum alias nemo dignissimos. Quia hic tenetur totam cupiditate illo. Dignissimos quo et et tenetur rerum.', 1, 0, '1974-06-14 12:26:05', '1985-11-17 21:30:28');
INSERT INTO `messages` (`id`, `from_user_id`, `to_user_id`, `message_header`, `message_body`, `is_delivered`, `was_edited`, `created_at`, `updated_at`) VALUES (93, 93, 93, 'Quaerat voluptates sint odio dicta aliquid. Dolorem ex molestiae quas et vitae. Ad quisquam quasi aut ratione quidem. Laudantium architecto qui voluptatem saepe fugit optio exercitationem.', 'Et libero ea explicabo molestias. Rerum impedit quo eos officia ullam. Voluptas unde iure sequi facere deserunt. Dolorem minima nisi nesciunt asperiores hic ratione iusto.', 1, 0, '1988-04-19 07:45:15', '1974-09-06 00:09:06');
INSERT INTO `messages` (`id`, `from_user_id`, `to_user_id`, `message_header`, `message_body`, `is_delivered`, `was_edited`, `created_at`, `updated_at`) VALUES (94, 94, 94, 'In est nesciunt itaque assumenda velit. Eos neque voluptate velit iure est consequatur autem error. Commodi modi error voluptatem aut aliquid quis. At similique ad tempora aut est repudiandae.', 'Accusantium perspiciatis doloribus qui labore sint non nulla qui. Ipsum numquam sed unde ex. Ipsa assumenda architecto deleniti omnis dolores a.', 0, 0, '2008-09-24 23:55:39', '1982-10-02 05:37:21');
INSERT INTO `messages` (`id`, `from_user_id`, `to_user_id`, `message_header`, `message_body`, `is_delivered`, `was_edited`, `created_at`, `updated_at`) VALUES (95, 95, 95, 'Deserunt facere soluta distinctio quod aut. Reiciendis voluptatem earum dolore omnis. Assumenda perspiciatis non voluptas provident totam rem molestias similique.', 'Consectetur et rerum est itaque. Iste in nesciunt ut omnis nisi. Nam excepturi laudantium qui in ea aut. Deleniti excepturi quis et dolores omnis.', 0, 0, '1979-10-10 23:18:02', '2004-07-21 19:11:28');
INSERT INTO `messages` (`id`, `from_user_id`, `to_user_id`, `message_header`, `message_body`, `is_delivered`, `was_edited`, `created_at`, `updated_at`) VALUES (96, 96, 96, 'Magni distinctio ratione voluptas asperiores velit voluptatibus. Beatae qui magni neque accusamus. In incidunt nostrum saepe maxime consequuntur eum et. Dolore et aut non delectus dolorem nisi minus quis.', 'Aliquam qui aspernatur dolor ratione ut. Explicabo nisi sit sint officiis commodi. Sapiente cum voluptatem facilis officiis fuga repellendus ipsa.', 0, 0, '1989-06-07 12:53:58', '1997-09-29 09:16:09');
INSERT INTO `messages` (`id`, `from_user_id`, `to_user_id`, `message_header`, `message_body`, `is_delivered`, `was_edited`, `created_at`, `updated_at`) VALUES (97, 97, 97, 'Aut consequatur sit occaecati officiis autem sit. Quia eum asperiores doloribus est voluptatem beatae. Eum ut debitis aut veniam aut itaque.', 'Earum sequi pariatur error totam tempora omnis. Non laborum omnis sunt voluptatem. Veritatis atque aspernatur earum odit assumenda unde. Similique molestias minus inventore optio consectetur sequi.', 0, 0, '1990-08-25 07:04:00', '2005-02-13 22:55:51');
INSERT INTO `messages` (`id`, `from_user_id`, `to_user_id`, `message_header`, `message_body`, `is_delivered`, `was_edited`, `created_at`, `updated_at`) VALUES (98, 98, 98, 'Fugiat soluta incidunt molestiae voluptatem. Autem sint amet quisquam inventore dolores dolorem. Nisi dignissimos illum placeat voluptatibus. Soluta nulla voluptate sequi cum tempora voluptatibus sunt.', 'Nihil et rerum ut vitae blanditiis tenetur. Nihil distinctio sunt nisi molestiae possimus id. Dolor et odit et assumenda.', 1, 0, '1989-08-19 10:17:06', '2003-12-23 03:58:02');
INSERT INTO `messages` (`id`, `from_user_id`, `to_user_id`, `message_header`, `message_body`, `is_delivered`, `was_edited`, `created_at`, `updated_at`) VALUES (99, 99, 99, 'Est corporis rerum vero dolor et necessitatibus dolores. Sapiente nesciunt harum reiciendis. Exercitationem natus ipsam quam nulla rerum officiis.', 'Magnam et voluptas autem quidem sint debitis aperiam deserunt. Inventore sed tempora totam quo dolorem quia. Laudantium ut ut nemo. Impedit repellat at sunt animi ut voluptatem quod dolorem.', 0, 0, '1996-09-16 16:42:11', '1999-01-07 08:11:36');
INSERT INTO `messages` (`id`, `from_user_id`, `to_user_id`, `message_header`, `message_body`, `is_delivered`, `was_edited`, `created_at`, `updated_at`) VALUES (100, 100, 100, 'Natus non enim perspiciatis in commodi et inventore. Reiciendis est sequi quos at. Ducimus est non voluptas rem distinctio possimus. Quis omnis ea maiores amet quia et ut ratione. Error quia est esse et eum perferendis.', 'Vel earum quisquam reiciendis. Quo voluptatem ea in fugiat quod magni. Repudiandae nesciunt unde enim rerum. Cumque architecto enim maxime rem facilis atque. Veniam debitis est dolorem nemo doloribus.', 1, 0, '2009-12-10 07:43:38', '2006-12-18 07:31:45');

-- insert media_types

INSERT INTO `media_types` (`name`) VALUES ('accusantium');
INSERT INTO `media_types` (`name`) VALUES ('ad');
INSERT INTO `media_types` (`name`) VALUES ('adipisci');
INSERT INTO `media_types` (`name`) VALUES ('alias');
INSERT INTO `media_types` (`name`) VALUES ('aliquid');
INSERT INTO `media_types` (`name`) VALUES ('animi');
INSERT INTO `media_types` (`name`) VALUES ('aperiam');
INSERT INTO `media_types` (`name`) VALUES ('aspernatur');
INSERT INTO `media_types` (`name`) VALUES ('at');
INSERT INTO `media_types` (`name`) VALUES ('aut');
INSERT INTO `media_types` (`name`) VALUES ('autem');
INSERT INTO `media_types` (`name`) VALUES ('beatae');
INSERT INTO `media_types` (`name`) VALUES ('commodi');
INSERT INTO `media_types` (`name`) VALUES ('consequatur');
INSERT INTO `media_types` (`name`) VALUES ('consequuntur');
INSERT INTO `media_types` (`name`) VALUES ('culpa');
INSERT INTO `media_types` (`name`) VALUES ('cumque');
INSERT INTO `media_types` (`name`) VALUES ('cupiditate');
INSERT INTO `media_types` (`name`) VALUES ('debitis');
INSERT INTO `media_types` (`name`) VALUES ('deserunt');
INSERT INTO `media_types` (`name`) VALUES ('dignissimos');
INSERT INTO `media_types` (`name`) VALUES ('distinctio');
INSERT INTO `media_types` (`name`) VALUES ('dolorem');
INSERT INTO `media_types` (`name`) VALUES ('ducimus');
INSERT INTO `media_types` (`name`) VALUES ('earum');
INSERT INTO `media_types` (`name`) VALUES ('eius');
INSERT INTO `media_types` (`name`) VALUES ('eligendi');
INSERT INTO `media_types` (`name`) VALUES ('enim');
INSERT INTO `media_types` (`name`) VALUES ('eos');
INSERT INTO `media_types` (`name`) VALUES ('error');
INSERT INTO `media_types` (`name`) VALUES ('est');
INSERT INTO `media_types` (`name`) VALUES ('et');
INSERT INTO `media_types` (`name`) VALUES ('eum');
INSERT INTO `media_types` (`name`) VALUES ('ex');
INSERT INTO `media_types` (`name`) VALUES ('expedita');
INSERT INTO `media_types` (`name`) VALUES ('explicabo');
INSERT INTO `media_types` (`name`) VALUES ('facere');
INSERT INTO `media_types` (`name`) VALUES ('facilis');
INSERT INTO `media_types` (`name`) VALUES ('fugit');
INSERT INTO `media_types` (`name`) VALUES ('hic');
INSERT INTO `media_types` (`name`) VALUES ('illo');
INSERT INTO `media_types` (`name`) VALUES ('illum');
INSERT INTO `media_types` (`name`) VALUES ('incidunt');
INSERT INTO `media_types` (`name`) VALUES ('inventore');
INSERT INTO `media_types` (`name`) VALUES ('ipsum');
INSERT INTO `media_types` (`name`) VALUES ('iure');
INSERT INTO `media_types` (`name`) VALUES ('libero');
INSERT INTO `media_types` (`name`) VALUES ('magnam');
INSERT INTO `media_types` (`name`) VALUES ('magni');
INSERT INTO `media_types` (`name`) VALUES ('maiores');
INSERT INTO `media_types` (`name`) VALUES ('minima');
INSERT INTO `media_types` (`name`) VALUES ('minus');
INSERT INTO `media_types` (`name`) VALUES ('modi');
INSERT INTO `media_types` (`name`) VALUES ('molestiae');
INSERT INTO `media_types` (`name`) VALUES ('molestias');
INSERT INTO `media_types` (`name`) VALUES ('mollitia');
INSERT INTO `media_types` (`name`) VALUES ('nam');
INSERT INTO `media_types` (`name`) VALUES ('natus');
INSERT INTO `media_types` (`name`) VALUES ('necessitatibus');
INSERT INTO `media_types` (`name`) VALUES ('neque');
INSERT INTO `media_types` (`name`) VALUES ('nesciunt');
INSERT INTO `media_types` (`name`) VALUES ('nihil');
INSERT INTO `media_types` (`name`) VALUES ('nisi');
INSERT INTO `media_types` (`name`) VALUES ('nobis');
INSERT INTO `media_types` (`name`) VALUES ('non');
INSERT INTO `media_types` (`name`) VALUES ('nostrum');
INSERT INTO `media_types` (`name`) VALUES ('occaecati');
INSERT INTO `media_types` (`name`) VALUES ('omnis');
INSERT INTO `media_types` (`name`) VALUES ('pariatur');
INSERT INTO `media_types` (`name`) VALUES ('perspiciatis');
INSERT INTO `media_types` (`name`) VALUES ('placeat');
INSERT INTO `media_types` (`name`) VALUES ('provident');
INSERT INTO `media_types` (`name`) VALUES ('quae');
INSERT INTO `media_types` (`name`) VALUES ('quas');
INSERT INTO `media_types` (`name`) VALUES ('qui');
INSERT INTO `media_types` (`name`) VALUES ('quia');
INSERT INTO `media_types` (`name`) VALUES ('quibusdam');
INSERT INTO `media_types` (`name`) VALUES ('quisquam');
INSERT INTO `media_types` (`name`) VALUES ('quo');
INSERT INTO `media_types` (`name`) VALUES ('quod');
INSERT INTO `media_types` (`name`) VALUES ('ratione');
INSERT INTO `media_types` (`name`) VALUES ('recusandae');
INSERT INTO `media_types` (`name`) VALUES ('reiciendis');
INSERT INTO `media_types` (`name`) VALUES ('repellat');
INSERT INTO `media_types` (`name`) VALUES ('sed');
INSERT INTO `media_types` (`name`) VALUES ('sint');
INSERT INTO `media_types` (`name`) VALUES ('sit');
INSERT INTO `media_types` (`name`) VALUES ('soluta');
INSERT INTO `media_types` (`name`) VALUES ('suscipit');
INSERT INTO `media_types` (`name`) VALUES ('ullam');
INSERT INTO `media_types` (`name`) VALUES ('ut');
INSERT INTO `media_types` (`name`) VALUES ('vel');
INSERT INTO `media_types` (`name`) VALUES ('velit');
INSERT INTO `media_types` (`name`) VALUES ('vero');
INSERT INTO `media_types` (`name`) VALUES ('vitae');
INSERT INTO `media_types` (`name`) VALUES ('voluptas');
INSERT INTO `media_types` (`name`) VALUES ('voluptatem');
INSERT INTO `media_types` (`name`) VALUES ('voluptates');
INSERT INTO `media_types` (`name`) VALUES ('voluptatibus');
INSERT INTO `media_types` (`name`) VALUES ('voluptatum');

-- insert friendship

INSERT INTO `friendship` (`user_id`, `friend_id`, `friendship_status`, `requested_at`, `confirmed_at`, `created_at`, `updated_at`) VALUES (1, 1, 'BLOCKED', '1974-03-31 04:47:49', '1997-03-23 05:27:06', '2004-11-02 19:03:03', '2004-01-09 07:38:00');
INSERT INTO `friendship` (`user_id`, `friend_id`, `friendship_status`, `requested_at`, `confirmed_at`, `created_at`, `updated_at`) VALUES (2, 2, 'FRIENDSHIP', '2010-07-18 21:00:21', '1990-05-09 14:55:24', '1995-10-29 04:19:39', '1980-05-01 09:20:36');
INSERT INTO `friendship` (`user_id`, `friend_id`, `friendship_status`, `requested_at`, `confirmed_at`, `created_at`, `updated_at`) VALUES (3, 3, 'FRIENDSHIP', '2006-03-06 12:12:34', '2003-06-06 15:06:35', '2017-03-19 21:10:36', '2004-11-13 14:15:36');
INSERT INTO `friendship` (`user_id`, `friend_id`, `friendship_status`, `requested_at`, `confirmed_at`, `created_at`, `updated_at`) VALUES (4, 4, 'BLOCKED', '1993-06-16 05:47:47', '1978-03-08 00:11:10', '2012-03-06 07:56:37', '1983-05-22 20:02:08');
INSERT INTO `friendship` (`user_id`, `friend_id`, `friendship_status`, `requested_at`, `confirmed_at`, `created_at`, `updated_at`) VALUES (5, 5, 'FRIENDSHIP', '2010-04-25 01:16:30', '2006-01-13 14:25:25', '1993-06-24 18:00:59', '2020-03-23 14:31:12');
INSERT INTO `friendship` (`user_id`, `friend_id`, `friendship_status`, `requested_at`, `confirmed_at`, `created_at`, `updated_at`) VALUES (6, 6, 'FOLLOWING', '2010-12-27 08:29:37', '1970-01-21 00:09:44', '1987-01-13 07:50:24', '1979-09-09 23:33:24');
INSERT INTO `friendship` (`user_id`, `friend_id`, `friendship_status`, `requested_at`, `confirmed_at`, `created_at`, `updated_at`) VALUES (7, 7, 'FOLLOWING', '2006-04-07 19:15:32', '1991-03-16 04:31:54', '1972-09-07 03:23:48', '1976-03-29 01:42:02');
INSERT INTO `friendship` (`user_id`, `friend_id`, `friendship_status`, `requested_at`, `confirmed_at`, `created_at`, `updated_at`) VALUES (8, 8, 'FOLLOWING', '2009-04-15 05:50:58', '1970-03-18 11:14:01', '2007-10-09 04:39:27', '1985-01-31 20:05:26');
INSERT INTO `friendship` (`user_id`, `friend_id`, `friendship_status`, `requested_at`, `confirmed_at`, `created_at`, `updated_at`) VALUES (9, 9, 'FRIENDSHIP', '1974-11-04 16:52:39', '2007-06-18 22:23:30', '1983-06-22 00:42:06', '1981-08-16 08:30:35');
INSERT INTO `friendship` (`user_id`, `friend_id`, `friendship_status`, `requested_at`, `confirmed_at`, `created_at`, `updated_at`) VALUES (10, 10, 'BLOCKED', '1987-04-14 05:56:31', '2009-07-19 13:57:36', '1972-02-06 23:56:50', '1990-04-22 22:40:11');
INSERT INTO `friendship` (`user_id`, `friend_id`, `friendship_status`, `requested_at`, `confirmed_at`, `created_at`, `updated_at`) VALUES (11, 11, 'BLOCKED', '1998-11-28 05:09:24', '1982-07-14 09:19:14', '1974-01-08 15:40:26', '2014-03-01 04:58:23');
INSERT INTO `friendship` (`user_id`, `friend_id`, `friendship_status`, `requested_at`, `confirmed_at`, `created_at`, `updated_at`) VALUES (12, 12, 'BLOCKED', '2018-10-22 22:12:48', '1994-09-16 03:08:47', '1984-10-21 11:46:43', '2019-07-17 06:05:23');
INSERT INTO `friendship` (`user_id`, `friend_id`, `friendship_status`, `requested_at`, `confirmed_at`, `created_at`, `updated_at`) VALUES (13, 13, 'FRIENDSHIP', '1975-08-05 01:44:22', '1979-09-18 07:51:16', '2019-09-20 14:17:38', '1985-10-26 03:33:06');
INSERT INTO `friendship` (`user_id`, `friend_id`, `friendship_status`, `requested_at`, `confirmed_at`, `created_at`, `updated_at`) VALUES (14, 14, 'FOLLOWING', '1982-12-01 14:18:21', '2002-11-20 21:21:37', '2015-01-06 22:50:36', '1989-05-18 20:57:33');
INSERT INTO `friendship` (`user_id`, `friend_id`, `friendship_status`, `requested_at`, `confirmed_at`, `created_at`, `updated_at`) VALUES (15, 15, 'BLOCKED', '1993-09-21 04:13:26', '2020-06-12 16:57:06', '2016-07-06 01:52:57', '2018-11-29 01:50:25');
INSERT INTO `friendship` (`user_id`, `friend_id`, `friendship_status`, `requested_at`, `confirmed_at`, `created_at`, `updated_at`) VALUES (16, 16, 'BLOCKED', '2018-02-21 03:43:54', '1999-03-09 00:34:09', '1982-07-24 00:26:28', '2010-05-30 00:00:53');
INSERT INTO `friendship` (`user_id`, `friend_id`, `friendship_status`, `requested_at`, `confirmed_at`, `created_at`, `updated_at`) VALUES (17, 17, 'FOLLOWING', '1984-06-22 08:28:02', '2016-03-14 02:10:13', '2019-09-16 11:58:31', '1986-02-04 11:06:34');
INSERT INTO `friendship` (`user_id`, `friend_id`, `friendship_status`, `requested_at`, `confirmed_at`, `created_at`, `updated_at`) VALUES (18, 18, 'FOLLOWING', '1986-06-16 00:46:57', '2012-05-08 04:49:41', '2002-04-02 16:03:32', '1974-11-25 03:49:07');
INSERT INTO `friendship` (`user_id`, `friend_id`, `friendship_status`, `requested_at`, `confirmed_at`, `created_at`, `updated_at`) VALUES (19, 19, 'BLOCKED', '1977-09-01 19:32:56', '2020-04-03 14:19:45', '1992-06-02 10:17:15', '2014-10-04 21:02:31');
INSERT INTO `friendship` (`user_id`, `friend_id`, `friendship_status`, `requested_at`, `confirmed_at`, `created_at`, `updated_at`) VALUES (20, 20, 'FOLLOWING', '1982-12-16 18:34:22', '1973-01-13 23:10:06', '1989-01-16 01:26:56', '2012-03-21 19:15:46');
INSERT INTO `friendship` (`user_id`, `friend_id`, `friendship_status`, `requested_at`, `confirmed_at`, `created_at`, `updated_at`) VALUES (21, 21, 'FRIENDSHIP', '1985-12-12 15:16:34', '1984-03-18 03:27:08', '1995-03-31 05:42:03', '1990-07-27 01:26:44');
INSERT INTO `friendship` (`user_id`, `friend_id`, `friendship_status`, `requested_at`, `confirmed_at`, `created_at`, `updated_at`) VALUES (22, 22, 'FOLLOWING', '1979-08-24 08:00:18', '2011-07-13 01:42:23', '2005-07-05 08:12:41', '1981-01-16 10:23:11');
INSERT INTO `friendship` (`user_id`, `friend_id`, `friendship_status`, `requested_at`, `confirmed_at`, `created_at`, `updated_at`) VALUES (23, 23, 'BLOCKED', '2010-07-20 22:50:19', '1975-01-15 12:04:32', '1984-09-17 02:58:07', '2010-03-20 07:21:25');
INSERT INTO `friendship` (`user_id`, `friend_id`, `friendship_status`, `requested_at`, `confirmed_at`, `created_at`, `updated_at`) VALUES (24, 24, 'FRIENDSHIP', '1981-06-22 06:46:35', '1973-02-07 11:24:47', '1983-04-05 12:27:46', '2016-01-02 05:07:11');
INSERT INTO `friendship` (`user_id`, `friend_id`, `friendship_status`, `requested_at`, `confirmed_at`, `created_at`, `updated_at`) VALUES (25, 25, 'BLOCKED', '2005-12-02 07:54:45', '1998-05-13 18:00:57', '1973-01-16 05:42:18', '2011-06-22 21:59:41');
INSERT INTO `friendship` (`user_id`, `friend_id`, `friendship_status`, `requested_at`, `confirmed_at`, `created_at`, `updated_at`) VALUES (26, 26, 'FOLLOWING', '2002-03-05 16:11:29', '1988-05-24 22:40:15', '2006-07-09 05:04:01', '1974-06-12 06:10:34');
INSERT INTO `friendship` (`user_id`, `friend_id`, `friendship_status`, `requested_at`, `confirmed_at`, `created_at`, `updated_at`) VALUES (27, 27, 'BLOCKED', '2013-09-07 23:52:19', '1977-09-08 20:24:38', '2013-06-20 17:28:34', '2005-06-01 14:40:29');
INSERT INTO `friendship` (`user_id`, `friend_id`, `friendship_status`, `requested_at`, `confirmed_at`, `created_at`, `updated_at`) VALUES (28, 28, 'BLOCKED', '1980-10-10 04:49:24', '2020-02-07 14:11:35', '1995-05-13 09:11:23', '1990-08-10 13:19:54');
INSERT INTO `friendship` (`user_id`, `friend_id`, `friendship_status`, `requested_at`, `confirmed_at`, `created_at`, `updated_at`) VALUES (29, 29, 'FRIENDSHIP', '1982-03-23 18:07:50', '2008-02-18 12:49:41', '2007-06-27 09:23:43', '1975-12-16 08:16:56');
INSERT INTO `friendship` (`user_id`, `friend_id`, `friendship_status`, `requested_at`, `confirmed_at`, `created_at`, `updated_at`) VALUES (30, 30, 'FOLLOWING', '1981-11-13 15:39:07', '1988-12-09 11:18:06', '1976-05-02 06:53:37', '1978-06-30 08:06:59');
INSERT INTO `friendship` (`user_id`, `friend_id`, `friendship_status`, `requested_at`, `confirmed_at`, `created_at`, `updated_at`) VALUES (31, 31, 'BLOCKED', '1981-08-08 12:10:28', '1980-02-04 14:20:05', '2002-03-22 16:20:38', '2006-07-12 18:40:23');
INSERT INTO `friendship` (`user_id`, `friend_id`, `friendship_status`, `requested_at`, `confirmed_at`, `created_at`, `updated_at`) VALUES (32, 32, 'BLOCKED', '2002-05-09 15:40:27', '2004-06-14 19:20:55', '2014-12-02 23:15:08', '2003-05-02 20:18:35');
INSERT INTO `friendship` (`user_id`, `friend_id`, `friendship_status`, `requested_at`, `confirmed_at`, `created_at`, `updated_at`) VALUES (33, 33, 'FRIENDSHIP', '1992-06-03 20:35:57', '2009-03-29 15:07:59', '1995-05-23 15:18:32', '2017-01-10 00:19:55');
INSERT INTO `friendship` (`user_id`, `friend_id`, `friendship_status`, `requested_at`, `confirmed_at`, `created_at`, `updated_at`) VALUES (34, 34, 'BLOCKED', '2008-02-25 12:21:04', '2014-02-20 17:41:03', '1973-01-18 14:23:45', '1979-01-18 16:03:41');
INSERT INTO `friendship` (`user_id`, `friend_id`, `friendship_status`, `requested_at`, `confirmed_at`, `created_at`, `updated_at`) VALUES (35, 35, 'FOLLOWING', '2003-04-14 14:58:38', '2015-02-24 22:34:38', '1985-11-29 12:39:56', '1991-11-15 11:42:27');
INSERT INTO `friendship` (`user_id`, `friend_id`, `friendship_status`, `requested_at`, `confirmed_at`, `created_at`, `updated_at`) VALUES (36, 36, 'FOLLOWING', '1974-12-04 02:47:21', '1983-02-08 19:29:46', '2004-05-30 01:46:00', '2012-03-31 19:05:35');
INSERT INTO `friendship` (`user_id`, `friend_id`, `friendship_status`, `requested_at`, `confirmed_at`, `created_at`, `updated_at`) VALUES (37, 37, 'FOLLOWING', '1983-09-01 12:06:45', '2002-01-29 01:39:04', '1989-03-07 06:37:47', '1981-04-24 00:49:23');
INSERT INTO `friendship` (`user_id`, `friend_id`, `friendship_status`, `requested_at`, `confirmed_at`, `created_at`, `updated_at`) VALUES (38, 38, 'FRIENDSHIP', '1991-12-09 09:15:56', '1997-12-13 17:51:21', '1995-09-19 05:09:52', '1977-05-29 01:46:24');
INSERT INTO `friendship` (`user_id`, `friend_id`, `friendship_status`, `requested_at`, `confirmed_at`, `created_at`, `updated_at`) VALUES (39, 39, 'FRIENDSHIP', '2008-09-11 05:15:07', '2019-01-15 04:12:03', '2004-02-18 20:20:27', '1993-01-06 02:14:06');
INSERT INTO `friendship` (`user_id`, `friend_id`, `friendship_status`, `requested_at`, `confirmed_at`, `created_at`, `updated_at`) VALUES (40, 40, 'FRIENDSHIP', '1993-10-18 19:10:17', '2015-09-15 13:29:27', '2014-04-05 19:28:59', '1973-11-03 08:25:13');
INSERT INTO `friendship` (`user_id`, `friend_id`, `friendship_status`, `requested_at`, `confirmed_at`, `created_at`, `updated_at`) VALUES (41, 41, 'FRIENDSHIP', '1985-07-07 19:42:25', '2016-09-26 16:49:16', '1987-03-02 10:53:09', '2003-06-25 18:39:59');
INSERT INTO `friendship` (`user_id`, `friend_id`, `friendship_status`, `requested_at`, `confirmed_at`, `created_at`, `updated_at`) VALUES (42, 42, 'BLOCKED', '2018-11-07 12:20:34', '1977-12-27 12:38:50', '2009-07-02 23:49:29', '2000-05-29 05:23:36');
INSERT INTO `friendship` (`user_id`, `friend_id`, `friendship_status`, `requested_at`, `confirmed_at`, `created_at`, `updated_at`) VALUES (43, 43, 'FRIENDSHIP', '1985-02-05 01:59:57', '1987-01-26 03:06:19', '2009-03-28 14:27:16', '2003-05-19 20:07:01');
INSERT INTO `friendship` (`user_id`, `friend_id`, `friendship_status`, `requested_at`, `confirmed_at`, `created_at`, `updated_at`) VALUES (44, 44, 'BLOCKED', '1977-10-18 19:37:40', '1998-05-22 04:00:37', '2001-08-26 10:33:40', '1977-03-18 17:32:05');
INSERT INTO `friendship` (`user_id`, `friend_id`, `friendship_status`, `requested_at`, `confirmed_at`, `created_at`, `updated_at`) VALUES (45, 45, 'BLOCKED', '1982-03-01 17:32:20', '1990-01-25 12:18:10', '2014-08-29 18:01:14', '2019-01-01 02:14:48');
INSERT INTO `friendship` (`user_id`, `friend_id`, `friendship_status`, `requested_at`, `confirmed_at`, `created_at`, `updated_at`) VALUES (46, 46, 'BLOCKED', '1998-12-25 15:04:32', '2018-08-24 21:49:12', '1993-03-30 21:00:46', '2015-12-04 09:45:18');
INSERT INTO `friendship` (`user_id`, `friend_id`, `friendship_status`, `requested_at`, `confirmed_at`, `created_at`, `updated_at`) VALUES (47, 47, 'FOLLOWING', '1997-04-27 16:50:21', '1995-06-04 21:23:04', '1983-09-06 02:12:16', '1978-05-20 19:51:11');
INSERT INTO `friendship` (`user_id`, `friend_id`, `friendship_status`, `requested_at`, `confirmed_at`, `created_at`, `updated_at`) VALUES (48, 48, 'FRIENDSHIP', '2017-03-17 16:45:54', '2000-11-27 08:12:10', '1970-05-29 11:52:39', '2010-01-02 17:35:07');
INSERT INTO `friendship` (`user_id`, `friend_id`, `friendship_status`, `requested_at`, `confirmed_at`, `created_at`, `updated_at`) VALUES (49, 49, 'BLOCKED', '1984-06-08 06:52:31', '1982-11-17 11:05:21', '2008-01-09 12:05:26', '1997-06-18 21:47:54');
INSERT INTO `friendship` (`user_id`, `friend_id`, `friendship_status`, `requested_at`, `confirmed_at`, `created_at`, `updated_at`) VALUES (50, 50, 'FOLLOWING', '2006-11-11 17:22:21', '2013-08-23 08:24:23', '2007-08-20 08:35:11', '1994-05-01 13:28:37');
INSERT INTO `friendship` (`user_id`, `friend_id`, `friendship_status`, `requested_at`, `confirmed_at`, `created_at`, `updated_at`) VALUES (51, 51, 'BLOCKED', '1975-12-20 20:15:03', '2007-04-17 08:37:57', '1972-02-20 11:43:18', '2009-01-24 07:58:11');
INSERT INTO `friendship` (`user_id`, `friend_id`, `friendship_status`, `requested_at`, `confirmed_at`, `created_at`, `updated_at`) VALUES (52, 52, 'FRIENDSHIP', '1987-05-05 06:37:05', '2015-01-07 15:36:17', '2002-01-02 22:25:58', '2001-01-14 07:12:26');
INSERT INTO `friendship` (`user_id`, `friend_id`, `friendship_status`, `requested_at`, `confirmed_at`, `created_at`, `updated_at`) VALUES (53, 53, 'BLOCKED', '2007-11-24 09:33:36', '2016-07-10 20:56:03', '1980-01-21 05:31:53', '2010-02-23 11:29:27');
INSERT INTO `friendship` (`user_id`, `friend_id`, `friendship_status`, `requested_at`, `confirmed_at`, `created_at`, `updated_at`) VALUES (54, 54, 'BLOCKED', '1998-04-12 02:39:08', '2005-07-15 19:18:10', '1986-09-23 16:35:56', '1998-08-15 12:45:03');
INSERT INTO `friendship` (`user_id`, `friend_id`, `friendship_status`, `requested_at`, `confirmed_at`, `created_at`, `updated_at`) VALUES (55, 55, 'FOLLOWING', '2016-12-18 16:22:27', '1988-12-16 02:37:39', '2012-04-03 23:27:55', '1988-01-07 07:35:50');
INSERT INTO `friendship` (`user_id`, `friend_id`, `friendship_status`, `requested_at`, `confirmed_at`, `created_at`, `updated_at`) VALUES (56, 56, 'FOLLOWING', '2006-06-25 16:52:01', '2019-12-18 20:18:46', '1984-07-31 00:53:34', '2015-12-03 11:39:03');
INSERT INTO `friendship` (`user_id`, `friend_id`, `friendship_status`, `requested_at`, `confirmed_at`, `created_at`, `updated_at`) VALUES (57, 57, 'BLOCKED', '2008-09-02 12:26:29', '1985-01-01 18:27:59', '1990-07-17 23:32:31', '2009-10-07 20:18:03');
INSERT INTO `friendship` (`user_id`, `friend_id`, `friendship_status`, `requested_at`, `confirmed_at`, `created_at`, `updated_at`) VALUES (58, 58, 'FRIENDSHIP', '1979-04-13 11:07:08', '1972-04-28 23:21:49', '2012-08-03 20:13:11', '1991-03-14 19:46:41');
INSERT INTO `friendship` (`user_id`, `friend_id`, `friendship_status`, `requested_at`, `confirmed_at`, `created_at`, `updated_at`) VALUES (59, 59, 'FOLLOWING', '1976-11-25 06:49:02', '2016-08-23 07:14:08', '1989-03-29 18:37:07', '1995-09-14 19:18:38');
INSERT INTO `friendship` (`user_id`, `friend_id`, `friendship_status`, `requested_at`, `confirmed_at`, `created_at`, `updated_at`) VALUES (60, 60, 'FRIENDSHIP', '2011-11-29 05:01:49', '1998-01-16 16:45:56', '2013-07-02 06:58:05', '1993-02-17 23:17:28');
INSERT INTO `friendship` (`user_id`, `friend_id`, `friendship_status`, `requested_at`, `confirmed_at`, `created_at`, `updated_at`) VALUES (61, 61, 'FOLLOWING', '2013-08-22 05:14:11', '1989-09-11 04:50:45', '1973-02-03 19:36:41', '2013-10-17 10:13:34');
INSERT INTO `friendship` (`user_id`, `friend_id`, `friendship_status`, `requested_at`, `confirmed_at`, `created_at`, `updated_at`) VALUES (62, 62, 'BLOCKED', '2006-10-26 18:43:13', '1998-01-14 21:16:21', '2018-10-25 07:14:34', '2001-10-06 08:40:18');
INSERT INTO `friendship` (`user_id`, `friend_id`, `friendship_status`, `requested_at`, `confirmed_at`, `created_at`, `updated_at`) VALUES (63, 63, 'FRIENDSHIP', '2005-02-12 22:39:52', '1995-10-01 04:48:36', '1981-04-21 11:54:01', '1997-04-18 08:44:15');
INSERT INTO `friendship` (`user_id`, `friend_id`, `friendship_status`, `requested_at`, `confirmed_at`, `created_at`, `updated_at`) VALUES (64, 64, 'FRIENDSHIP', '1984-05-26 13:49:29', '2017-02-19 17:10:16', '1984-07-19 23:08:56', '1978-05-01 08:58:02');
INSERT INTO `friendship` (`user_id`, `friend_id`, `friendship_status`, `requested_at`, `confirmed_at`, `created_at`, `updated_at`) VALUES (65, 65, 'FOLLOWING', '2003-07-10 05:32:53', '2005-08-19 09:35:22', '2006-08-13 21:00:15', '2013-10-04 05:55:59');
INSERT INTO `friendship` (`user_id`, `friend_id`, `friendship_status`, `requested_at`, `confirmed_at`, `created_at`, `updated_at`) VALUES (66, 66, 'FOLLOWING', '2013-10-31 16:17:25', '2018-07-12 03:48:21', '2007-08-29 13:39:05', '1993-08-16 10:07:17');
INSERT INTO `friendship` (`user_id`, `friend_id`, `friendship_status`, `requested_at`, `confirmed_at`, `created_at`, `updated_at`) VALUES (67, 67, 'BLOCKED', '2008-04-30 21:13:44', '2008-10-13 11:07:56', '1992-08-17 10:45:59', '2016-03-30 06:25:01');
INSERT INTO `friendship` (`user_id`, `friend_id`, `friendship_status`, `requested_at`, `confirmed_at`, `created_at`, `updated_at`) VALUES (68, 68, 'BLOCKED', '2012-06-24 16:53:00', '2014-05-28 16:11:31', '1989-07-04 14:50:08', '1975-01-17 16:01:27');
INSERT INTO `friendship` (`user_id`, `friend_id`, `friendship_status`, `requested_at`, `confirmed_at`, `created_at`, `updated_at`) VALUES (69, 69, 'FRIENDSHIP', '2001-06-27 01:46:10', '1979-07-19 11:07:14', '2005-10-08 10:23:52', '2020-08-09 20:44:57');
INSERT INTO `friendship` (`user_id`, `friend_id`, `friendship_status`, `requested_at`, `confirmed_at`, `created_at`, `updated_at`) VALUES (70, 70, 'BLOCKED', '2008-12-14 17:04:46', '1971-02-17 02:19:59', '1996-07-25 07:45:18', '2013-04-10 09:31:47');
INSERT INTO `friendship` (`user_id`, `friend_id`, `friendship_status`, `requested_at`, `confirmed_at`, `created_at`, `updated_at`) VALUES (71, 71, 'FOLLOWING', '1982-11-29 10:21:17', '1996-09-17 05:15:57', '1997-08-28 08:33:15', '2016-02-12 08:01:27');
INSERT INTO `friendship` (`user_id`, `friend_id`, `friendship_status`, `requested_at`, `confirmed_at`, `created_at`, `updated_at`) VALUES (72, 72, 'FRIENDSHIP', '1974-05-17 16:17:15', '1985-09-21 19:27:48', '2007-05-30 15:04:52', '1995-01-20 18:44:21');
INSERT INTO `friendship` (`user_id`, `friend_id`, `friendship_status`, `requested_at`, `confirmed_at`, `created_at`, `updated_at`) VALUES (73, 73, 'FRIENDSHIP', '1987-09-21 21:26:00', '2017-07-27 17:58:11', '1986-10-03 08:19:35', '1975-07-27 23:38:36');
INSERT INTO `friendship` (`user_id`, `friend_id`, `friendship_status`, `requested_at`, `confirmed_at`, `created_at`, `updated_at`) VALUES (74, 74, 'FRIENDSHIP', '2010-07-29 05:52:50', '1993-08-20 02:39:23', '2009-04-22 11:52:24', '2007-03-01 03:58:59');
INSERT INTO `friendship` (`user_id`, `friend_id`, `friendship_status`, `requested_at`, `confirmed_at`, `created_at`, `updated_at`) VALUES (75, 75, 'FRIENDSHIP', '2018-05-03 19:29:00', '1992-05-22 18:41:20', '1991-01-24 06:16:05', '1971-02-27 15:52:47');
INSERT INTO `friendship` (`user_id`, `friend_id`, `friendship_status`, `requested_at`, `confirmed_at`, `created_at`, `updated_at`) VALUES (76, 76, 'FOLLOWING', '1977-12-24 23:51:09', '1984-03-04 13:04:02', '1991-04-02 06:32:59', '2006-02-03 01:46:50');
INSERT INTO `friendship` (`user_id`, `friend_id`, `friendship_status`, `requested_at`, `confirmed_at`, `created_at`, `updated_at`) VALUES (77, 77, 'BLOCKED', '2015-06-28 00:33:40', '2008-01-29 17:00:42', '2004-07-29 03:04:39', '2003-02-10 00:07:56');
INSERT INTO `friendship` (`user_id`, `friend_id`, `friendship_status`, `requested_at`, `confirmed_at`, `created_at`, `updated_at`) VALUES (78, 78, 'BLOCKED', '1991-05-18 11:05:59', '1978-07-10 10:06:06', '2019-08-08 19:18:16', '1972-11-12 21:38:16');
INSERT INTO `friendship` (`user_id`, `friend_id`, `friendship_status`, `requested_at`, `confirmed_at`, `created_at`, `updated_at`) VALUES (79, 79, 'FRIENDSHIP', '2014-12-11 06:28:02', '1979-07-04 20:52:10', '1990-05-19 23:27:26', '2002-07-13 10:23:21');
INSERT INTO `friendship` (`user_id`, `friend_id`, `friendship_status`, `requested_at`, `confirmed_at`, `created_at`, `updated_at`) VALUES (80, 80, 'FRIENDSHIP', '1985-02-08 09:25:40', '2010-04-05 01:13:20', '1981-05-23 05:43:43', '1997-10-08 01:24:52');
INSERT INTO `friendship` (`user_id`, `friend_id`, `friendship_status`, `requested_at`, `confirmed_at`, `created_at`, `updated_at`) VALUES (81, 81, 'BLOCKED', '1986-10-21 06:30:48', '1983-09-25 12:22:04', '2001-08-14 19:05:25', '1995-11-01 20:44:49');
INSERT INTO `friendship` (`user_id`, `friend_id`, `friendship_status`, `requested_at`, `confirmed_at`, `created_at`, `updated_at`) VALUES (82, 82, 'FRIENDSHIP', '1985-04-02 14:18:58', '2006-11-09 11:49:17', '2003-02-08 13:56:53', '1999-07-07 01:13:47');
INSERT INTO `friendship` (`user_id`, `friend_id`, `friendship_status`, `requested_at`, `confirmed_at`, `created_at`, `updated_at`) VALUES (83, 83, 'BLOCKED', '2019-12-24 02:06:01', '1999-11-17 02:41:12', '2001-03-05 04:38:17', '1970-11-08 11:02:40');
INSERT INTO `friendship` (`user_id`, `friend_id`, `friendship_status`, `requested_at`, `confirmed_at`, `created_at`, `updated_at`) VALUES (84, 84, 'BLOCKED', '1988-08-22 17:39:04', '2006-08-01 08:13:55', '1977-02-02 02:43:41', '2013-10-14 17:58:36');
INSERT INTO `friendship` (`user_id`, `friend_id`, `friendship_status`, `requested_at`, `confirmed_at`, `created_at`, `updated_at`) VALUES (85, 85, 'FOLLOWING', '2006-11-21 00:24:50', '1974-03-06 11:14:32', '1980-05-29 19:26:35', '2019-07-08 03:11:49');
INSERT INTO `friendship` (`user_id`, `friend_id`, `friendship_status`, `requested_at`, `confirmed_at`, `created_at`, `updated_at`) VALUES (86, 86, 'FOLLOWING', '1977-01-18 17:54:36', '1972-04-11 06:13:17', '2001-06-01 10:08:20', '2020-04-05 02:11:46');
INSERT INTO `friendship` (`user_id`, `friend_id`, `friendship_status`, `requested_at`, `confirmed_at`, `created_at`, `updated_at`) VALUES (87, 87, 'BLOCKED', '1989-02-19 00:32:57', '1999-09-03 04:52:47', '1990-08-10 13:48:30', '1988-04-23 11:49:30');
INSERT INTO `friendship` (`user_id`, `friend_id`, `friendship_status`, `requested_at`, `confirmed_at`, `created_at`, `updated_at`) VALUES (88, 88, 'FRIENDSHIP', '2015-11-03 14:04:03', '1999-02-19 01:54:15', '1981-08-12 17:46:11', '1988-07-02 15:58:48');
INSERT INTO `friendship` (`user_id`, `friend_id`, `friendship_status`, `requested_at`, `confirmed_at`, `created_at`, `updated_at`) VALUES (89, 89, 'BLOCKED', '1998-01-18 21:38:12', '1996-10-26 06:10:26', '2011-12-02 19:02:23', '1986-12-02 10:19:15');
INSERT INTO `friendship` (`user_id`, `friend_id`, `friendship_status`, `requested_at`, `confirmed_at`, `created_at`, `updated_at`) VALUES (90, 90, 'FOLLOWING', '2003-11-29 13:32:11', '2004-10-19 00:28:33', '2001-09-22 02:52:59', '2003-05-14 10:09:05');
INSERT INTO `friendship` (`user_id`, `friend_id`, `friendship_status`, `requested_at`, `confirmed_at`, `created_at`, `updated_at`) VALUES (91, 91, 'FOLLOWING', '1971-03-20 20:01:56', '1999-06-26 08:16:44', '2013-09-13 19:52:30', '2010-05-12 18:22:35');
INSERT INTO `friendship` (`user_id`, `friend_id`, `friendship_status`, `requested_at`, `confirmed_at`, `created_at`, `updated_at`) VALUES (92, 92, 'FOLLOWING', '1980-02-29 17:26:12', '1990-04-17 10:52:26', '1980-11-25 06:21:42', '2000-09-07 22:48:26');
INSERT INTO `friendship` (`user_id`, `friend_id`, `friendship_status`, `requested_at`, `confirmed_at`, `created_at`, `updated_at`) VALUES (93, 93, 'FOLLOWING', '2008-12-01 16:48:44', '1996-01-25 15:22:03', '1994-04-23 03:24:10', '1999-08-15 01:49:16');
INSERT INTO `friendship` (`user_id`, `friend_id`, `friendship_status`, `requested_at`, `confirmed_at`, `created_at`, `updated_at`) VALUES (94, 94, 'FOLLOWING', '2003-05-24 07:36:47', '1980-11-01 17:21:05', '1974-06-23 21:13:52', '1970-07-25 00:39:48');
INSERT INTO `friendship` (`user_id`, `friend_id`, `friendship_status`, `requested_at`, `confirmed_at`, `created_at`, `updated_at`) VALUES (95, 95, 'FOLLOWING', '1997-07-31 11:09:04', '2021-03-18 13:58:13', '1980-09-17 22:11:57', '1981-12-02 20:21:42');
INSERT INTO `friendship` (`user_id`, `friend_id`, `friendship_status`, `requested_at`, `confirmed_at`, `created_at`, `updated_at`) VALUES (96, 96, 'BLOCKED', '1999-07-15 05:39:59', '1979-03-11 09:39:46', '2013-09-24 17:20:50', '2001-03-10 20:02:00');
INSERT INTO `friendship` (`user_id`, `friend_id`, `friendship_status`, `requested_at`, `confirmed_at`, `created_at`, `updated_at`) VALUES (97, 97, 'BLOCKED', '2009-11-20 00:19:26', '1985-09-17 07:16:58', '1991-08-06 13:18:57', '2008-05-22 15:15:09');
INSERT INTO `friendship` (`user_id`, `friend_id`, `friendship_status`, `requested_at`, `confirmed_at`, `created_at`, `updated_at`) VALUES (98, 98, 'FOLLOWING', '2006-07-21 15:54:07', '2014-06-26 21:00:48', '1971-03-20 14:39:33', '2007-07-13 18:33:46');
INSERT INTO `friendship` (`user_id`, `friend_id`, `friendship_status`, `requested_at`, `confirmed_at`, `created_at`, `updated_at`) VALUES (99, 99, 'BLOCKED', '1987-06-02 09:59:00', '2019-03-24 13:19:27', '2015-06-23 10:44:37', '1980-04-15 01:22:53');
INSERT INTO `friendship` (`user_id`, `friend_id`, `friendship_status`, `requested_at`, `confirmed_at`, `created_at`, `updated_at`) VALUES (100, 100, 'FRIENDSHIP', '2018-10-04 08:22:51', '2005-02-23 12:02:48', '1994-09-21 15:18:40', '1970-11-06 07:48:13');

-- insert entity

INSERT INTO `entity_types` (`name`) VALUES ('ab');
INSERT INTO `entity_types` (`name`) VALUES ('accusamus');
INSERT INTO `entity_types` (`name`) VALUES ('accusantium');
INSERT INTO `entity_types` (`name`) VALUES ('ad');
INSERT INTO `entity_types` (`name`) VALUES ('amet');
INSERT INTO `entity_types` (`name`) VALUES ('architecto');
INSERT INTO `entity_types` (`name`) VALUES ('asperiores');
INSERT INTO `entity_types` (`name`) VALUES ('aspernatur');
INSERT INTO `entity_types` (`name`) VALUES ('at');
INSERT INTO `entity_types` (`name`) VALUES ('aut');
INSERT INTO `entity_types` (`name`) VALUES ('autem');
INSERT INTO `entity_types` (`name`) VALUES ('blanditiis');
INSERT INTO `entity_types` (`name`) VALUES ('commodi');
INSERT INTO `entity_types` (`name`) VALUES ('consectetur');
INSERT INTO `entity_types` (`name`) VALUES ('consequatur');
INSERT INTO `entity_types` (`name`) VALUES ('consequuntur');
INSERT INTO `entity_types` (`name`) VALUES ('corrupti');
INSERT INTO `entity_types` (`name`) VALUES ('culpa');
INSERT INTO `entity_types` (`name`) VALUES ('cum');
INSERT INTO `entity_types` (`name`) VALUES ('cupiditate');
INSERT INTO `entity_types` (`name`) VALUES ('debitis');
INSERT INTO `entity_types` (`name`) VALUES ('dicta');
INSERT INTO `entity_types` (`name`) VALUES ('distinctio');
INSERT INTO `entity_types` (`name`) VALUES ('dolor');
INSERT INTO `entity_types` (`name`) VALUES ('dolorem');
INSERT INTO `entity_types` (`name`) VALUES ('dolores');
INSERT INTO `entity_types` (`name`) VALUES ('ducimus');
INSERT INTO `entity_types` (`name`) VALUES ('ea');
INSERT INTO `entity_types` (`name`) VALUES ('eaque');
INSERT INTO `entity_types` (`name`) VALUES ('eius');
INSERT INTO `entity_types` (`name`) VALUES ('eligendi');
INSERT INTO `entity_types` (`name`) VALUES ('enim');
INSERT INTO `entity_types` (`name`) VALUES ('eos');
INSERT INTO `entity_types` (`name`) VALUES ('est');
INSERT INTO `entity_types` (`name`) VALUES ('et');
INSERT INTO `entity_types` (`name`) VALUES ('eum');
INSERT INTO `entity_types` (`name`) VALUES ('eveniet');
INSERT INTO `entity_types` (`name`) VALUES ('expedita');
INSERT INTO `entity_types` (`name`) VALUES ('explicabo');
INSERT INTO `entity_types` (`name`) VALUES ('facere');
INSERT INTO `entity_types` (`name`) VALUES ('facilis');
INSERT INTO `entity_types` (`name`) VALUES ('fugiat');
INSERT INTO `entity_types` (`name`) VALUES ('fugit');
INSERT INTO `entity_types` (`name`) VALUES ('harum');
INSERT INTO `entity_types` (`name`) VALUES ('impedit');
INSERT INTO `entity_types` (`name`) VALUES ('in');
INSERT INTO `entity_types` (`name`) VALUES ('inventore');
INSERT INTO `entity_types` (`name`) VALUES ('ipsam');
INSERT INTO `entity_types` (`name`) VALUES ('itaque');
INSERT INTO `entity_types` (`name`) VALUES ('iure');
INSERT INTO `entity_types` (`name`) VALUES ('laborum');
INSERT INTO `entity_types` (`name`) VALUES ('libero');
INSERT INTO `entity_types` (`name`) VALUES ('magnam');
INSERT INTO `entity_types` (`name`) VALUES ('maxime');
INSERT INTO `entity_types` (`name`) VALUES ('minus');
INSERT INTO `entity_types` (`name`) VALUES ('modi');
INSERT INTO `entity_types` (`name`) VALUES ('molestiae');
INSERT INTO `entity_types` (`name`) VALUES ('molestias');
INSERT INTO `entity_types` (`name`) VALUES ('mollitia');
INSERT INTO `entity_types` (`name`) VALUES ('nam');
INSERT INTO `entity_types` (`name`) VALUES ('natus');
INSERT INTO `entity_types` (`name`) VALUES ('nemo');
INSERT INTO `entity_types` (`name`) VALUES ('neque');
INSERT INTO `entity_types` (`name`) VALUES ('nisi');
INSERT INTO `entity_types` (`name`) VALUES ('non');
INSERT INTO `entity_types` (`name`) VALUES ('nostrum');
INSERT INTO `entity_types` (`name`) VALUES ('odio');
INSERT INTO `entity_types` (`name`) VALUES ('odit');
INSERT INTO `entity_types` (`name`) VALUES ('omnis');
INSERT INTO `entity_types` (`name`) VALUES ('perspiciatis');
INSERT INTO `entity_types` (`name`) VALUES ('placeat');
INSERT INTO `entity_types` (`name`) VALUES ('provident');
INSERT INTO `entity_types` (`name`) VALUES ('quam');
INSERT INTO `entity_types` (`name`) VALUES ('quas');
INSERT INTO `entity_types` (`name`) VALUES ('quasi');
INSERT INTO `entity_types` (`name`) VALUES ('qui');
INSERT INTO `entity_types` (`name`) VALUES ('quia');
INSERT INTO `entity_types` (`name`) VALUES ('quo');
INSERT INTO `entity_types` (`name`) VALUES ('quod');
INSERT INTO `entity_types` (`name`) VALUES ('quos');
INSERT INTO `entity_types` (`name`) VALUES ('recusandae');
INSERT INTO `entity_types` (`name`) VALUES ('repellat');
INSERT INTO `entity_types` (`name`) VALUES ('reprehenderit');
INSERT INTO `entity_types` (`name`) VALUES ('rerum');
INSERT INTO `entity_types` (`name`) VALUES ('sequi');
INSERT INTO `entity_types` (`name`) VALUES ('similique');
INSERT INTO `entity_types` (`name`) VALUES ('sint');
INSERT INTO `entity_types` (`name`) VALUES ('sit');
INSERT INTO `entity_types` (`name`) VALUES ('soluta');
INSERT INTO `entity_types` (`name`) VALUES ('sunt');
INSERT INTO `entity_types` (`name`) VALUES ('temporibus');
INSERT INTO `entity_types` (`name`) VALUES ('tenetur');
INSERT INTO `entity_types` (`name`) VALUES ('ut');
INSERT INTO `entity_types` (`name`) VALUES ('vel');
INSERT INTO `entity_types` (`name`) VALUES ('velit');
INSERT INTO `entity_types` (`name`) VALUES ('vero');
INSERT INTO `entity_types` (`name`) VALUES ('voluptas');
INSERT INTO `entity_types` (`name`) VALUES ('voluptatem');
INSERT INTO `entity_types` (`name`) VALUES ('voluptates');
INSERT INTO `entity_types` (`name`) VALUES ('voluptatibus');

-- insert communities

INSERT INTO `communities` (`id`, `name`, `created_at`, `updated_at`) VALUES (1, 'explicabo', '1972-08-15 22:54:41', '1987-05-17 18:58:20');
INSERT INTO `communities` (`id`, `name`, `created_at`, `updated_at`) VALUES (2, 'eum', '1980-08-24 21:00:40', '1996-07-14 09:27:52');
INSERT INTO `communities` (`id`, `name`, `created_at`, `updated_at`) VALUES (3, 'qui', '2002-10-27 18:53:19', '2016-09-07 04:11:15');
INSERT INTO `communities` (`id`, `name`, `created_at`, `updated_at`) VALUES (4, 'similique', '1970-07-23 07:04:43', '1994-07-17 22:09:40');
INSERT INTO `communities` (`id`, `name`, `created_at`, `updated_at`) VALUES (5, 'harum', '1981-01-19 11:06:17', '1980-01-26 00:53:09');
INSERT INTO `communities` (`id`, `name`, `created_at`, `updated_at`) VALUES (6, 'aliquid', '2007-03-21 06:35:38', '1973-05-06 03:01:48');
INSERT INTO `communities` (`id`, `name`, `created_at`, `updated_at`) VALUES (7, 'reiciendis', '1986-09-05 05:43:31', '1998-09-05 15:21:58');
INSERT INTO `communities` (`id`, `name`, `created_at`, `updated_at`) VALUES (8, 'velit', '1979-02-21 14:06:36', '2019-10-21 13:12:48');
INSERT INTO `communities` (`id`, `name`, `created_at`, `updated_at`) VALUES (9, 'ratione', '2021-05-23 12:45:07', '1976-05-22 21:50:21');
INSERT INTO `communities` (`id`, `name`, `created_at`, `updated_at`) VALUES (10, 'laboriosam', '1971-01-26 01:48:54', '2007-07-02 18:49:04');
INSERT INTO `communities` (`id`, `name`, `created_at`, `updated_at`) VALUES (11, 'officia', '2019-02-07 23:16:22', '1997-08-27 15:28:05');
INSERT INTO `communities` (`id`, `name`, `created_at`, `updated_at`) VALUES (12, 'suscipit', '2006-11-03 09:42:56', '1983-06-25 21:26:49');
INSERT INTO `communities` (`id`, `name`, `created_at`, `updated_at`) VALUES (13, 'ad', '1982-12-23 07:55:28', '2016-06-20 23:26:13');
INSERT INTO `communities` (`id`, `name`, `created_at`, `updated_at`) VALUES (14, 'dolores', '1989-01-17 03:39:50', '1990-03-07 11:19:56');
INSERT INTO `communities` (`id`, `name`, `created_at`, `updated_at`) VALUES (15, 'vel', '2010-03-18 16:47:05', '2013-08-24 02:18:27');
INSERT INTO `communities` (`id`, `name`, `created_at`, `updated_at`) VALUES (16, 'impedit', '2006-09-16 18:52:57', '1972-04-08 04:25:58');
INSERT INTO `communities` (`id`, `name`, `created_at`, `updated_at`) VALUES (17, 'asperiores', '2004-03-16 08:32:10', '1971-09-19 22:36:44');
INSERT INTO `communities` (`id`, `name`, `created_at`, `updated_at`) VALUES (18, 'voluptas', '2003-01-03 09:25:59', '2000-02-16 03:05:50');
INSERT INTO `communities` (`id`, `name`, `created_at`, `updated_at`) VALUES (19, 'facere', '1998-04-22 21:06:06', '2003-01-07 04:45:16');
INSERT INTO `communities` (`id`, `name`, `created_at`, `updated_at`) VALUES (20, 'est', '1978-03-30 12:16:12', '2003-07-30 10:50:15');
INSERT INTO `communities` (`id`, `name`, `created_at`, `updated_at`) VALUES (21, 'nostrum', '2010-08-31 07:50:10', '2015-07-12 19:24:57');
INSERT INTO `communities` (`id`, `name`, `created_at`, `updated_at`) VALUES (22, 'vero', '2013-08-18 07:02:36', '1979-02-06 15:55:39');
INSERT INTO `communities` (`id`, `name`, `created_at`, `updated_at`) VALUES (23, 'quo', '1973-12-11 20:43:23', '1997-11-11 04:04:32');
INSERT INTO `communities` (`id`, `name`, `created_at`, `updated_at`) VALUES (24, 'repellat', '2007-03-30 01:40:54', '1978-06-13 20:33:49');
INSERT INTO `communities` (`id`, `name`, `created_at`, `updated_at`) VALUES (25, 'porro', '2014-07-30 06:13:13', '1982-06-28 01:07:49');
INSERT INTO `communities` (`id`, `name`, `created_at`, `updated_at`) VALUES (26, 'possimus', '2016-12-04 10:34:26', '1988-05-05 20:32:10');
INSERT INTO `communities` (`id`, `name`, `created_at`, `updated_at`) VALUES (27, 'architecto', '1998-05-31 08:46:10', '1988-05-06 07:45:37');
INSERT INTO `communities` (`id`, `name`, `created_at`, `updated_at`) VALUES (28, 'et', '2000-10-24 12:10:58', '2006-02-08 20:34:38');
INSERT INTO `communities` (`id`, `name`, `created_at`, `updated_at`) VALUES (29, 'quos', '2018-01-15 10:41:29', '2003-08-31 18:30:53');
INSERT INTO `communities` (`id`, `name`, `created_at`, `updated_at`) VALUES (30, 'tempore', '1984-05-02 05:20:50', '2006-11-25 23:16:43');
INSERT INTO `communities` (`id`, `name`, `created_at`, `updated_at`) VALUES (31, 'optio', '1979-10-12 07:19:57', '1970-04-30 17:51:22');
INSERT INTO `communities` (`id`, `name`, `created_at`, `updated_at`) VALUES (32, 'eveniet', '2021-07-08 05:23:07', '1971-12-06 20:47:35');
INSERT INTO `communities` (`id`, `name`, `created_at`, `updated_at`) VALUES (33, 'id', '2003-03-01 00:20:31', '1992-03-28 23:41:36');
INSERT INTO `communities` (`id`, `name`, `created_at`, `updated_at`) VALUES (34, 'itaque', '1984-09-08 18:35:18', '1975-01-27 12:18:10');
INSERT INTO `communities` (`id`, `name`, `created_at`, `updated_at`) VALUES (35, 'soluta', '1987-08-03 17:59:29', '1997-07-12 03:18:24');
INSERT INTO `communities` (`id`, `name`, `created_at`, `updated_at`) VALUES (36, 'voluptatem', '1974-09-25 01:32:05', '2018-08-05 04:19:19');
INSERT INTO `communities` (`id`, `name`, `created_at`, `updated_at`) VALUES (37, 'iusto', '1978-03-05 12:35:10', '2010-05-14 05:30:42');
INSERT INTO `communities` (`id`, `name`, `created_at`, `updated_at`) VALUES (38, 'totam', '2000-09-25 20:55:50', '1989-04-25 03:43:36');
INSERT INTO `communities` (`id`, `name`, `created_at`, `updated_at`) VALUES (39, 'autem', '1998-09-30 13:29:35', '2010-12-08 21:22:48');
INSERT INTO `communities` (`id`, `name`, `created_at`, `updated_at`) VALUES (40, 'placeat', '1993-03-15 05:17:16', '1973-12-09 14:10:16');
INSERT INTO `communities` (`id`, `name`, `created_at`, `updated_at`) VALUES (41, 'sed', '2015-11-12 11:40:49', '1985-08-12 19:45:23');
INSERT INTO `communities` (`id`, `name`, `created_at`, `updated_at`) VALUES (42, 'animi', '1976-12-15 03:43:46', '1979-12-25 13:59:48');
INSERT INTO `communities` (`id`, `name`, `created_at`, `updated_at`) VALUES (43, 'in', '2018-06-27 02:34:22', '1994-07-28 04:07:01');
INSERT INTO `communities` (`id`, `name`, `created_at`, `updated_at`) VALUES (44, 'quibusdam', '2020-10-02 16:00:18', '1984-02-22 17:50:59');
INSERT INTO `communities` (`id`, `name`, `created_at`, `updated_at`) VALUES (45, 'eius', '1984-09-03 09:41:35', '2013-03-20 19:22:23');
INSERT INTO `communities` (`id`, `name`, `created_at`, `updated_at`) VALUES (46, 'nam', '2021-07-02 13:44:42', '2012-04-19 06:52:37');
INSERT INTO `communities` (`id`, `name`, `created_at`, `updated_at`) VALUES (47, 'non', '2017-02-26 08:47:42', '2006-02-06 06:32:57');
INSERT INTO `communities` (`id`, `name`, `created_at`, `updated_at`) VALUES (48, 'labore', '1972-12-11 21:46:09', '2001-02-16 05:46:29');
INSERT INTO `communities` (`id`, `name`, `created_at`, `updated_at`) VALUES (49, 'enim', '1985-11-08 09:50:44', '2007-11-04 16:25:57');
INSERT INTO `communities` (`id`, `name`, `created_at`, `updated_at`) VALUES (50, 'excepturi', '1971-05-21 06:23:06', '2018-08-19 20:17:46');
INSERT INTO `communities` (`id`, `name`, `created_at`, `updated_at`) VALUES (51, 'atque', '1984-03-04 01:35:03', '1993-10-31 03:12:18');
INSERT INTO `communities` (`id`, `name`, `created_at`, `updated_at`) VALUES (52, 'sint', '1997-07-04 22:09:41', '2018-01-17 09:12:10');
INSERT INTO `communities` (`id`, `name`, `created_at`, `updated_at`) VALUES (53, 'sit', '2010-05-05 11:39:35', '1995-10-10 18:23:21');
INSERT INTO `communities` (`id`, `name`, `created_at`, `updated_at`) VALUES (54, 'molestiae', '1989-09-28 16:53:09', '2005-12-29 12:55:47');
INSERT INTO `communities` (`id`, `name`, `created_at`, `updated_at`) VALUES (55, 'commodi', '2007-05-10 11:13:44', '2017-08-06 14:55:51');
INSERT INTO `communities` (`id`, `name`, `created_at`, `updated_at`) VALUES (56, 'veniam', '2008-12-09 02:23:53', '2015-05-07 06:19:16');
INSERT INTO `communities` (`id`, `name`, `created_at`, `updated_at`) VALUES (57, 'rerum', '1984-05-11 12:06:25', '1983-12-14 00:58:59');
INSERT INTO `communities` (`id`, `name`, `created_at`, `updated_at`) VALUES (58, 'unde', '1976-12-08 05:52:28', '1975-02-28 11:08:45');
INSERT INTO `communities` (`id`, `name`, `created_at`, `updated_at`) VALUES (59, 'aut', '2020-06-19 00:05:22', '1981-02-28 21:40:05');
INSERT INTO `communities` (`id`, `name`, `created_at`, `updated_at`) VALUES (60, 'iure', '1973-08-16 19:01:55', '2001-02-09 19:27:14');
INSERT INTO `communities` (`id`, `name`, `created_at`, `updated_at`) VALUES (61, 'nihil', '1998-05-01 02:07:28', '1990-04-15 02:42:30');
INSERT INTO `communities` (`id`, `name`, `created_at`, `updated_at`) VALUES (62, 'ut', '2007-06-01 04:07:15', '2014-11-10 09:23:43');
INSERT INTO `communities` (`id`, `name`, `created_at`, `updated_at`) VALUES (63, 'omnis', '1977-11-21 23:03:32', '2006-04-22 01:58:44');
INSERT INTO `communities` (`id`, `name`, `created_at`, `updated_at`) VALUES (64, 'quidem', '1980-05-12 14:13:13', '1981-10-21 16:06:08');
INSERT INTO `communities` (`id`, `name`, `created_at`, `updated_at`) VALUES (65, 'corrupti', '1981-04-10 09:44:11', '1978-04-12 15:12:08');
INSERT INTO `communities` (`id`, `name`, `created_at`, `updated_at`) VALUES (66, 'dolorum', '2015-07-01 00:45:32', '1980-04-23 06:03:06');
INSERT INTO `communities` (`id`, `name`, `created_at`, `updated_at`) VALUES (67, 'eligendi', '2007-04-07 18:58:22', '2017-12-06 18:52:12');
INSERT INTO `communities` (`id`, `name`, `created_at`, `updated_at`) VALUES (68, 'nisi', '2014-11-25 18:13:48', '1986-12-05 09:16:14');
INSERT INTO `communities` (`id`, `name`, `created_at`, `updated_at`) VALUES (69, 'maiores', '1979-11-08 17:47:16', '2006-02-05 06:23:59');
INSERT INTO `communities` (`id`, `name`, `created_at`, `updated_at`) VALUES (70, 'sunt', '2008-10-05 23:48:57', '1972-12-10 20:45:23');
INSERT INTO `communities` (`id`, `name`, `created_at`, `updated_at`) VALUES (71, 'rem', '2005-03-20 02:18:16', '1971-06-05 20:39:56');
INSERT INTO `communities` (`id`, `name`, `created_at`, `updated_at`) VALUES (72, 'molestias', '1990-05-21 20:23:05', '2017-06-20 22:40:29');
INSERT INTO `communities` (`id`, `name`, `created_at`, `updated_at`) VALUES (73, 'laborum', '2010-09-13 00:37:43', '1973-10-02 08:13:50');
INSERT INTO `communities` (`id`, `name`, `created_at`, `updated_at`) VALUES (74, 'ea', '1988-03-29 16:38:58', '1987-01-01 05:42:59');
INSERT INTO `communities` (`id`, `name`, `created_at`, `updated_at`) VALUES (75, 'beatae', '1988-07-16 14:46:39', '1977-08-23 11:45:13');
INSERT INTO `communities` (`id`, `name`, `created_at`, `updated_at`) VALUES (76, 'necessitatibus', '1979-10-24 22:29:22', '1979-06-17 06:31:17');
INSERT INTO `communities` (`id`, `name`, `created_at`, `updated_at`) VALUES (77, 'facilis', '1994-11-20 13:54:14', '1971-04-15 03:17:23');
INSERT INTO `communities` (`id`, `name`, `created_at`, `updated_at`) VALUES (78, 'temporibus', '2013-01-31 06:41:47', '1990-09-08 02:49:18');
INSERT INTO `communities` (`id`, `name`, `created_at`, `updated_at`) VALUES (79, 'neque', '1981-03-17 14:48:37', '1993-03-23 14:20:36');
INSERT INTO `communities` (`id`, `name`, `created_at`, `updated_at`) VALUES (80, 'quasi', '1973-01-02 14:25:46', '1985-05-29 09:55:11');
INSERT INTO `communities` (`id`, `name`, `created_at`, `updated_at`) VALUES (81, 'odit', '1996-02-25 09:55:50', '1997-03-03 20:32:27');
INSERT INTO `communities` (`id`, `name`, `created_at`, `updated_at`) VALUES (82, 'ab', '1976-07-07 17:03:13', '2019-01-04 07:53:01');
INSERT INTO `communities` (`id`, `name`, `created_at`, `updated_at`) VALUES (83, 'quaerat', '2003-07-14 02:00:11', '2006-10-19 01:57:21');
INSERT INTO `communities` (`id`, `name`, `created_at`, `updated_at`) VALUES (84, 'praesentium', '1981-10-15 00:48:27', '2008-08-24 23:44:18');
INSERT INTO `communities` (`id`, `name`, `created_at`, `updated_at`) VALUES (85, 'ducimus', '1979-10-18 19:54:30', '1995-03-01 11:59:13');
INSERT INTO `communities` (`id`, `name`, `created_at`, `updated_at`) VALUES (86, 'quia', '1983-12-31 10:13:59', '2016-08-10 03:52:27');
INSERT INTO `communities` (`id`, `name`, `created_at`, `updated_at`) VALUES (87, 'ex', '1986-12-17 04:21:02', '1999-05-01 19:46:52');
INSERT INTO `communities` (`id`, `name`, `created_at`, `updated_at`) VALUES (88, 'veritatis', '1992-06-19 01:20:00', '1975-03-29 09:52:25');
INSERT INTO `communities` (`id`, `name`, `created_at`, `updated_at`) VALUES (89, 'deleniti', '2015-03-19 08:22:17', '1991-05-30 07:45:15');
INSERT INTO `communities` (`id`, `name`, `created_at`, `updated_at`) VALUES (90, 'vitae', '2011-11-19 02:25:05', '1985-12-23 20:05:43');
INSERT INTO `communities` (`id`, `name`, `created_at`, `updated_at`) VALUES (91, 'iste', '1976-02-25 20:27:49', '1994-02-12 21:35:55');
INSERT INTO `communities` (`id`, `name`, `created_at`, `updated_at`) VALUES (92, 'quam', '1993-05-30 21:46:39', '1972-12-27 23:43:00');
INSERT INTO `communities` (`id`, `name`, `created_at`, `updated_at`) VALUES (93, 'quas', '1974-10-22 14:43:09', '2006-10-12 04:47:16');
INSERT INTO `communities` (`id`, `name`, `created_at`, `updated_at`) VALUES (94, 'odio', '2002-11-14 08:52:10', '1998-09-20 12:18:48');
INSERT INTO `communities` (`id`, `name`, `created_at`, `updated_at`) VALUES (95, 'quisquam', '2001-10-10 03:53:58', '2004-11-03 02:05:13');
INSERT INTO `communities` (`id`, `name`, `created_at`, `updated_at`) VALUES (96, 'accusamus', '2021-02-18 06:45:14', '1996-10-29 11:16:48');
INSERT INTO `communities` (`id`, `name`, `created_at`, `updated_at`) VALUES (97, 'tenetur', '1982-10-06 09:07:59', '1989-06-06 23:21:41');
INSERT INTO `communities` (`id`, `name`, `created_at`, `updated_at`) VALUES (98, 'saepe', '1978-12-29 19:41:48', '1971-12-09 20:13:20');
INSERT INTO `communities` (`id`, `name`, `created_at`, `updated_at`) VALUES (99, 'numquam', '2009-06-08 20:21:48', '2018-06-07 21:54:48');
INSERT INTO `communities` (`id`, `name`, `created_at`, `updated_at`) VALUES (100, 'voluptatibus', '1989-10-20 23:14:52', '2000-07-27 04:01:51');

-- insert communities_users

INSERT INTO `communities_users` (`community_id`, `user_id`, `created_at`) VALUES (1, 1, '2016-08-19 05:07:30');
INSERT INTO `communities_users` (`community_id`, `user_id`, `created_at`) VALUES (2, 2, '1981-11-17 23:48:51');
INSERT INTO `communities_users` (`community_id`, `user_id`, `created_at`) VALUES (3, 3, '1997-12-05 22:01:15');
INSERT INTO `communities_users` (`community_id`, `user_id`, `created_at`) VALUES (4, 4, '1991-09-09 08:07:27');
INSERT INTO `communities_users` (`community_id`, `user_id`, `created_at`) VALUES (5, 5, '2010-08-11 19:49:46');
INSERT INTO `communities_users` (`community_id`, `user_id`, `created_at`) VALUES (6, 6, '2011-03-05 12:05:48');
INSERT INTO `communities_users` (`community_id`, `user_id`, `created_at`) VALUES (7, 7, '1994-10-15 09:01:58');
INSERT INTO `communities_users` (`community_id`, `user_id`, `created_at`) VALUES (8, 8, '2004-05-20 06:34:34');
INSERT INTO `communities_users` (`community_id`, `user_id`, `created_at`) VALUES (9, 9, '2018-03-20 07:20:22');
INSERT INTO `communities_users` (`community_id`, `user_id`, `created_at`) VALUES (10, 10, '1993-07-10 04:35:45');
INSERT INTO `communities_users` (`community_id`, `user_id`, `created_at`) VALUES (11, 11, '1982-11-09 19:05:13');
INSERT INTO `communities_users` (`community_id`, `user_id`, `created_at`) VALUES (12, 12, '2006-12-15 11:55:34');
INSERT INTO `communities_users` (`community_id`, `user_id`, `created_at`) VALUES (13, 13, '1989-05-17 18:19:04');
INSERT INTO `communities_users` (`community_id`, `user_id`, `created_at`) VALUES (14, 14, '2004-06-13 18:27:16');
INSERT INTO `communities_users` (`community_id`, `user_id`, `created_at`) VALUES (15, 15, '1972-04-17 05:06:12');
INSERT INTO `communities_users` (`community_id`, `user_id`, `created_at`) VALUES (16, 16, '1995-10-17 19:22:04');
INSERT INTO `communities_users` (`community_id`, `user_id`, `created_at`) VALUES (17, 17, '1983-02-20 03:19:29');
INSERT INTO `communities_users` (`community_id`, `user_id`, `created_at`) VALUES (18, 18, '2016-12-01 05:22:23');
INSERT INTO `communities_users` (`community_id`, `user_id`, `created_at`) VALUES (19, 19, '1978-06-15 01:20:02');
INSERT INTO `communities_users` (`community_id`, `user_id`, `created_at`) VALUES (20, 20, '1994-10-20 15:40:39');
INSERT INTO `communities_users` (`community_id`, `user_id`, `created_at`) VALUES (21, 21, '2005-06-25 11:17:25');
INSERT INTO `communities_users` (`community_id`, `user_id`, `created_at`) VALUES (22, 22, '2004-10-29 00:29:46');
INSERT INTO `communities_users` (`community_id`, `user_id`, `created_at`) VALUES (23, 23, '1984-11-06 11:24:27');
INSERT INTO `communities_users` (`community_id`, `user_id`, `created_at`) VALUES (24, 24, '1986-08-29 03:28:12');
INSERT INTO `communities_users` (`community_id`, `user_id`, `created_at`) VALUES (25, 25, '1976-01-10 22:47:32');
INSERT INTO `communities_users` (`community_id`, `user_id`, `created_at`) VALUES (26, 26, '2016-02-03 05:01:36');
INSERT INTO `communities_users` (`community_id`, `user_id`, `created_at`) VALUES (27, 27, '2008-05-19 04:37:02');
INSERT INTO `communities_users` (`community_id`, `user_id`, `created_at`) VALUES (28, 28, '1979-09-08 20:05:20');
INSERT INTO `communities_users` (`community_id`, `user_id`, `created_at`) VALUES (29, 29, '1973-11-21 12:18:17');
INSERT INTO `communities_users` (`community_id`, `user_id`, `created_at`) VALUES (30, 30, '1994-08-29 06:48:13');
INSERT INTO `communities_users` (`community_id`, `user_id`, `created_at`) VALUES (31, 31, '2007-04-28 12:56:19');
INSERT INTO `communities_users` (`community_id`, `user_id`, `created_at`) VALUES (32, 32, '1983-04-01 15:31:32');
INSERT INTO `communities_users` (`community_id`, `user_id`, `created_at`) VALUES (33, 33, '1974-08-26 20:15:41');
INSERT INTO `communities_users` (`community_id`, `user_id`, `created_at`) VALUES (34, 34, '1984-12-01 09:47:56');
INSERT INTO `communities_users` (`community_id`, `user_id`, `created_at`) VALUES (35, 35, '2019-07-31 23:58:53');
INSERT INTO `communities_users` (`community_id`, `user_id`, `created_at`) VALUES (36, 36, '2001-07-15 08:00:37');
INSERT INTO `communities_users` (`community_id`, `user_id`, `created_at`) VALUES (37, 37, '1977-02-09 02:51:27');
INSERT INTO `communities_users` (`community_id`, `user_id`, `created_at`) VALUES (38, 38, '2004-05-23 11:34:39');
INSERT INTO `communities_users` (`community_id`, `user_id`, `created_at`) VALUES (39, 39, '1992-04-02 22:38:05');
INSERT INTO `communities_users` (`community_id`, `user_id`, `created_at`) VALUES (40, 40, '1980-03-02 06:02:05');
INSERT INTO `communities_users` (`community_id`, `user_id`, `created_at`) VALUES (41, 41, '1977-03-08 00:42:35');
INSERT INTO `communities_users` (`community_id`, `user_id`, `created_at`) VALUES (42, 42, '2003-06-19 14:53:32');
INSERT INTO `communities_users` (`community_id`, `user_id`, `created_at`) VALUES (43, 43, '1997-07-10 23:09:58');
INSERT INTO `communities_users` (`community_id`, `user_id`, `created_at`) VALUES (44, 44, '1991-06-21 01:00:10');
INSERT INTO `communities_users` (`community_id`, `user_id`, `created_at`) VALUES (45, 45, '1997-08-01 09:01:09');
INSERT INTO `communities_users` (`community_id`, `user_id`, `created_at`) VALUES (46, 46, '2007-12-12 04:31:40');
INSERT INTO `communities_users` (`community_id`, `user_id`, `created_at`) VALUES (47, 47, '2013-07-30 13:46:12');
INSERT INTO `communities_users` (`community_id`, `user_id`, `created_at`) VALUES (48, 48, '1986-05-01 18:40:43');
INSERT INTO `communities_users` (`community_id`, `user_id`, `created_at`) VALUES (49, 49, '1991-04-13 14:07:08');
INSERT INTO `communities_users` (`community_id`, `user_id`, `created_at`) VALUES (50, 50, '2014-05-14 21:53:51');
INSERT INTO `communities_users` (`community_id`, `user_id`, `created_at`) VALUES (51, 51, '1977-12-25 08:00:10');
INSERT INTO `communities_users` (`community_id`, `user_id`, `created_at`) VALUES (52, 52, '2021-02-07 00:17:55');
INSERT INTO `communities_users` (`community_id`, `user_id`, `created_at`) VALUES (53, 53, '1990-09-05 01:14:13');
INSERT INTO `communities_users` (`community_id`, `user_id`, `created_at`) VALUES (54, 54, '1977-01-16 13:03:42');
INSERT INTO `communities_users` (`community_id`, `user_id`, `created_at`) VALUES (55, 55, '2009-04-01 20:48:16');
INSERT INTO `communities_users` (`community_id`, `user_id`, `created_at`) VALUES (56, 56, '1982-11-11 17:36:41');
INSERT INTO `communities_users` (`community_id`, `user_id`, `created_at`) VALUES (57, 57, '1993-11-03 16:26:46');
INSERT INTO `communities_users` (`community_id`, `user_id`, `created_at`) VALUES (58, 58, '1994-03-19 04:51:02');
INSERT INTO `communities_users` (`community_id`, `user_id`, `created_at`) VALUES (59, 59, '1972-12-29 16:13:14');
INSERT INTO `communities_users` (`community_id`, `user_id`, `created_at`) VALUES (60, 60, '2013-04-13 15:38:00');
INSERT INTO `communities_users` (`community_id`, `user_id`, `created_at`) VALUES (61, 61, '1975-02-22 18:33:58');
INSERT INTO `communities_users` (`community_id`, `user_id`, `created_at`) VALUES (62, 62, '2001-06-22 03:04:51');
INSERT INTO `communities_users` (`community_id`, `user_id`, `created_at`) VALUES (63, 63, '2021-03-07 14:38:09');
INSERT INTO `communities_users` (`community_id`, `user_id`, `created_at`) VALUES (64, 64, '2005-04-18 00:53:52');
INSERT INTO `communities_users` (`community_id`, `user_id`, `created_at`) VALUES (65, 65, '2011-02-28 05:01:39');
INSERT INTO `communities_users` (`community_id`, `user_id`, `created_at`) VALUES (66, 66, '1999-01-02 16:20:23');
INSERT INTO `communities_users` (`community_id`, `user_id`, `created_at`) VALUES (67, 67, '1983-01-02 14:06:29');
INSERT INTO `communities_users` (`community_id`, `user_id`, `created_at`) VALUES (68, 68, '1997-04-19 16:22:04');
INSERT INTO `communities_users` (`community_id`, `user_id`, `created_at`) VALUES (69, 69, '1995-08-02 22:03:01');
INSERT INTO `communities_users` (`community_id`, `user_id`, `created_at`) VALUES (70, 70, '1985-04-06 16:11:29');
INSERT INTO `communities_users` (`community_id`, `user_id`, `created_at`) VALUES (71, 71, '2003-07-02 21:08:58');
INSERT INTO `communities_users` (`community_id`, `user_id`, `created_at`) VALUES (72, 72, '2000-10-24 14:28:31');
INSERT INTO `communities_users` (`community_id`, `user_id`, `created_at`) VALUES (73, 73, '2001-12-09 18:52:46');
INSERT INTO `communities_users` (`community_id`, `user_id`, `created_at`) VALUES (74, 74, '1976-02-01 13:42:30');
INSERT INTO `communities_users` (`community_id`, `user_id`, `created_at`) VALUES (75, 75, '1997-02-03 20:21:29');
INSERT INTO `communities_users` (`community_id`, `user_id`, `created_at`) VALUES (76, 76, '1971-04-23 13:26:29');
INSERT INTO `communities_users` (`community_id`, `user_id`, `created_at`) VALUES (77, 77, '2009-04-11 23:08:22');
INSERT INTO `communities_users` (`community_id`, `user_id`, `created_at`) VALUES (78, 78, '1996-09-16 15:40:00');
INSERT INTO `communities_users` (`community_id`, `user_id`, `created_at`) VALUES (79, 79, '2012-08-06 04:22:09');
INSERT INTO `communities_users` (`community_id`, `user_id`, `created_at`) VALUES (80, 80, '1972-07-04 00:10:28');
INSERT INTO `communities_users` (`community_id`, `user_id`, `created_at`) VALUES (81, 81, '1978-09-29 14:04:54');
INSERT INTO `communities_users` (`community_id`, `user_id`, `created_at`) VALUES (82, 82, '2017-07-06 01:20:59');
INSERT INTO `communities_users` (`community_id`, `user_id`, `created_at`) VALUES (83, 83, '1985-11-23 01:32:10');
INSERT INTO `communities_users` (`community_id`, `user_id`, `created_at`) VALUES (84, 84, '1973-08-23 09:57:09');
INSERT INTO `communities_users` (`community_id`, `user_id`, `created_at`) VALUES (85, 85, '1976-12-26 00:40:03');
INSERT INTO `communities_users` (`community_id`, `user_id`, `created_at`) VALUES (86, 86, '1973-12-17 02:56:30');
INSERT INTO `communities_users` (`community_id`, `user_id`, `created_at`) VALUES (87, 87, '2009-08-22 12:19:33');
INSERT INTO `communities_users` (`community_id`, `user_id`, `created_at`) VALUES (88, 88, '2020-11-02 23:43:58');
INSERT INTO `communities_users` (`community_id`, `user_id`, `created_at`) VALUES (89, 89, '1998-07-14 00:34:38');
INSERT INTO `communities_users` (`community_id`, `user_id`, `created_at`) VALUES (90, 90, '1976-04-01 02:04:12');
INSERT INTO `communities_users` (`community_id`, `user_id`, `created_at`) VALUES (91, 91, '2008-06-19 08:46:13');
INSERT INTO `communities_users` (`community_id`, `user_id`, `created_at`) VALUES (92, 92, '1972-05-05 06:16:43');
INSERT INTO `communities_users` (`community_id`, `user_id`, `created_at`) VALUES (93, 93, '1979-06-14 03:21:04');
INSERT INTO `communities_users` (`community_id`, `user_id`, `created_at`) VALUES (94, 94, '1993-10-19 09:39:43');
INSERT INTO `communities_users` (`community_id`, `user_id`, `created_at`) VALUES (95, 95, '2006-12-11 19:42:51');
INSERT INTO `communities_users` (`community_id`, `user_id`, `created_at`) VALUES (96, 96, '1987-07-01 07:54:11');
INSERT INTO `communities_users` (`community_id`, `user_id`, `created_at`) VALUES (97, 97, '1991-01-17 22:37:44');
INSERT INTO `communities_users` (`community_id`, `user_id`, `created_at`) VALUES (98, 98, '2019-11-14 01:26:19');
INSERT INTO `communities_users` (`community_id`, `user_id`, `created_at`) VALUES (99, 99, '1984-10-11 20:48:35');
INSERT INTO `communities_users` (`community_id`, `user_id`, `created_at`) VALUES (100, 100, '2017-02-06 21:17:06');


-- insert likes

INSERT INTO `likes` (`id`, `from_user_id`, `entity_id`, `entity_name`, `created_at`, `updated_at`) VALUES (15, 5, 1, 'aut', '1984-01-06 14:35:59', '1972-03-25 10:59:42');

-- insert messages

INSERT INTO `messages` (`id`, `from_user_id`, `to_user_id`, `message_header`, `message_body`, `is_delivered`, `was_edited`, `created_at`, `updated_at`) VALUES (1, 1, 1, '', '', 0, 0, '1982-02-24 11:15:08', '1987-02-11 05:55:26');
INSERT INTO `messages` (`id`, `from_user_id`, `to_user_id`, `message_header`, `message_body`, `is_delivered`, `was_edited`, `created_at`, `updated_at`) VALUES (2, 2, 2, '', '', 0, 0, '2015-02-08 00:44:41', '2020-09-01 19:21:41');
INSERT INTO `messages` (`id`, `from_user_id`, `to_user_id`, `message_header`, `message_body`, `is_delivered`, `was_edited`, `created_at`, `updated_at`) VALUES (3, 3, 3, '', '', 0, 0, '1980-05-03 04:39:28', '1976-03-08 06:00:35');
INSERT INTO `messages` (`id`, `from_user_id`, `to_user_id`, `message_header`, `message_body`, `is_delivered`, `was_edited`, `created_at`, `updated_at`) VALUES (4, 4, 4, '', '', 0, 0, '1981-01-08 17:41:13', '2008-11-02 08:53:10');
INSERT INTO `messages` (`id`, `from_user_id`, `to_user_id`, `message_header`, `message_body`, `is_delivered`, `was_edited`, `created_at`, `updated_at`) VALUES (5, 5, 5, '', '', 0, 0, '2004-04-24 16:15:32', '1980-04-28 19:58:25');
INSERT INTO `messages` (`id`, `from_user_id`, `to_user_id`, `message_header`, `message_body`, `is_delivered`, `was_edited`, `created_at`, `updated_at`) VALUES (6, 6, 6, '', '', 0, 0, '1989-11-22 20:12:34', '2004-09-09 12:56:36');
INSERT INTO `messages` (`id`, `from_user_id`, `to_user_id`, `message_header`, `message_body`, `is_delivered`, `was_edited`, `created_at`, `updated_at`) VALUES (7, 7, 7, '', '', 0, 0, '2014-01-30 00:27:36', '1977-03-07 05:27:08');
INSERT INTO `messages` (`id`, `from_user_id`, `to_user_id`, `message_header`, `message_body`, `is_delivered`, `was_edited`, `created_at`, `updated_at`) VALUES (8, 8, 8, '', '', 0, 0, '2001-03-23 12:47:33', '2008-03-30 11:08:27');
INSERT INTO `messages` (`id`, `from_user_id`, `to_user_id`, `message_header`, `message_body`, `is_delivered`, `was_edited`, `created_at`, `updated_at`) VALUES (9, 9, 9, '', '', 0, 0, '2009-04-03 01:24:04', '1985-11-11 08:02:07');
INSERT INTO `messages` (`id`, `from_user_id`, `to_user_id`, `message_header`, `message_body`, `is_delivered`, `was_edited`, `created_at`, `updated_at`) VALUES (10, 10, 10, '', '', 0, 0, '1974-10-12 21:46:18', '2008-03-26 01:51:45');
