
-- MySQL dump 10.13  Distrib 8.0.25, for Linux (x86_64)
--
-- Host: localhost    Database: mnogokino
-- ------------------------------------------------------
-- Server version       8.0.25-0ubuntu0.20.04.1

/*!40101 SET @OLD_CHARACTER_SET_CLIENT=@@CHARACTER_SET_CLIENT */;
/*!40101 SET @OLD_CHARACTER_SET_RESULTS=@@CHARACTER_SET_RESULTS */;
/*!40101 SET @OLD_COLLATION_CONNECTION=@@COLLATION_CONNECTION */;
/*!50503 SET NAMES utf8mb4 */;
/*!40103 SET @OLD_TIME_ZONE=@@TIME_ZONE */;
/*!40103 SET TIME_ZONE='+00:00' */;
/*!40014 SET @OLD_UNIQUE_CHECKS=@@UNIQUE_CHECKS, UNIQUE_CHECKS=0 */;
/*!40014 SET @OLD_FOREIGN_KEY_CHECKS=@@FOREIGN_KEY_CHECKS, FOREIGN_KEY_CHECKS=0 */;
/*!40101 SET @OLD_SQL_MODE=@@SQL_MODE, SQL_MODE='NO_AUTO_VALUE_ON_ZERO' */;
/*!40111 SET @OLD_SQL_NOTES=@@SQL_NOTES, SQL_NOTES=0 */;

--
-- Table structure for table `casting`
--

DROP TABLE IF EXISTS `casting`;
/*!40101 SET @saved_cs_client     = @@character_set_client */;
/*!50503 SET character_set_client = utf8mb4 */;
CREATE TABLE `casting` (
  `id` int unsigned NOT NULL AUTO_INCREMENT,
  `movies_id` int unsigned DEFAULT NULL,
  `role_id` int unsigned DEFAULT NULL,
  `creator_id` int unsigned DEFAULT NULL,
  PRIMARY KEY (`id`),
  KEY `movies_id` (`movies_id`),
  KEY `role_id` (`role_id`),
  KEY `creator_id` (`creator_id`),
  CONSTRAINT `casting_ibfk_1` FOREIGN KEY (`movies_id`) REFERENCES `movies` (`id`),
  CONSTRAINT `casting_ibfk_2` FOREIGN KEY (`role_id`) REFERENCES `roles` (`id`),
  CONSTRAINT `casting_ibfk_3` FOREIGN KEY (`creator_id`) REFERENCES `creators` (`id`)
) ENGINE=InnoDB AUTO_INCREMENT=101 DEFAULT CHARSET=utf8mb4 COLLATE=utf8mb4_0900_ai_ci COMMENT='Таблица съемочной команды';
/*!40101 SET character_set_client = @saved_cs_client */;

--
-- Dumping data for table `casting`
--

LOCK TABLES `casting` WRITE;
/*!40000 ALTER TABLE `casting` DISABLE KEYS */;
INSERT INTO `casting` VALUES (1,1,0,1),(2,2,2,2),(3,3,3,3),(4,4,4,4),(5,5,5,5),(6,6,6,6),(7,7,9,7),(8,8,27,8),(9,9,47,9),(10,10,86,10),(11,11,90,11),(12,12,95,12),(13,13,142,13),(14,14,152,14),(15,15,241,15),(16,16,254,16),(17,17,261,17),(18,18,297,18),(19,19,566,19),(20,20,627,20),(21,21,712,21),(22,22,779,22),(23,23,804,23),(24,24,860,24),(25,25,868,25),(26,26,993,26),(27,27,997,27),(28,28,1532,28),(29,29,2837,29),(30,30,3767,30),(31,31,4196,31),(32,32,4447,32),(33,33,4834,33),(34,34,5889,34),(35,35,7460,35),(36,36,8364,36),(37,37,8985,37),(38,38,9248,38),(39,39,9852,39),(40,40,12595,40),(41,41,13666,41),(42,42,19446,42),(43,43,31536,43),(44,44,41791,44),(45,45,51598,45),(46,46,75721,46),(47,47,79633,47),(48,48,89625,48),(49,49,95997,49),(50,50,305482,50),(51,51,330808,51),(52,52,366966,52),(53,53,370590,53),(54,54,417727,54),(55,55,577677,55),(56,56,594290,56),(57,57,604942,57),(58,58,646252,58),(59,59,650027,59),(60,60,653999,60),(61,61,814755,61),(62,62,981889,62),(63,63,992307,63),(64,64,1475436,64),(65,65,2320945,65),(66,66,3435632,66),(67,67,3941982,67),(68,68,5053242,68),(69,69,5196156,69),(70,70,5395584,70),(71,71,5627573,71),(72,72,7212626,72),(73,73,7220241,73),(74,74,7418213,74),(75,75,8353779,75),(76,76,9568331,76),(77,77,9698827,77),(78,78,13450655,78),(79,79,14587930,79),(80,80,15899420,80),(81,81,26685441,81),(82,82,39995402,82),(83,83,51786172,83),(84,84,52314220,84),(85,85,56571769,85),(86,86,64841130,86),(87,87,66124151,87),(88,88,93583202,88),(89,89,149550215,89),(90,90,184405844,90),(91,91,326006119,91),(92,92,373633083,92),(93,93,467628287,93),(94,94,534044743,94),(95,95,625408645,95),(96,96,639328277,96),(97,97,733607328,97),(98,98,734403509,98),(99,99,736848778,99),(100,100,951497296,100);
/*!40000 ALTER TABLE `casting` ENABLE KEYS */;
UNLOCK TABLES;

--
-- Table structure for table `companies`
--

DROP TABLE IF EXISTS `companies`;
/*!40101 SET @saved_cs_client     = @@character_set_client */;
/*!50503 SET character_set_client = utf8mb4 */;
CREATE TABLE `companies` (
  `id` int unsigned NOT NULL,
  `company` varchar(200) NOT NULL,
  UNIQUE KEY `id` (`id`),
  UNIQUE KEY `company` (`company`)
) ENGINE=InnoDB DEFAULT CHARSET=utf8mb4 COLLATE=utf8mb4_0900_ai_ci COMMENT='Таблица компаний производителей';
/*!40101 SET character_set_client = @saved_cs_client */;

--
-- Dumping data for table `companies`
--

LOCK TABLES `companies` WRITE;
/*!40000 ALTER TABLE `companies` DISABLE KEYS */;
INSERT INTO `companies` VALUES (513,'Abshire Ltd'),(564,'Aufderhar PLC'),(851,'Beahan-Barton'),(903,'Bechtelar, Raynor and Hettinger'),(666,'Bogisich PLC'),(604,'Denesik-Zemlak'),(709,'Dibbert, Spinka and Lehner'),(607,'Dicki, Kuhic and Rutherford'),(494,'Dietrich-White'),(279,'Fay-Braun'),(190,'Hettinger-Grady'),(844,'Langworth-Hermann'),(108,'Morissette LLC'),(637,'Muller-Hagenes'),(984,'O\'Hara LLC'),(327,'Ruecker-Bednar'),(506,'Schaefer-Waters'),(387,'Schmeler Group'),(988,'Schuppe PLC'),(455,'Stracke, Schumm and Turcotte'),(925,'Thompson, Klocko and Wolff'),(436,'Turner Inc'),(663,'Ward, Stamm and Mann'),(953,'Wehner-Mosciski'),(306,'Witting-Johnson');
/*!40000 ALTER TABLE `companies` ENABLE KEYS */;
UNLOCK TABLES;

--
-- Table structure for table `countries`
--

DROP TABLE IF EXISTS `countries`;
/*!40101 SET @saved_cs_client     = @@character_set_client */;
/*!50503 SET character_set_client = utf8mb4 */;
CREATE TABLE `countries` (
  `id` int unsigned NOT NULL,
  `country` varchar(200) NOT NULL,
  UNIQUE KEY `id` (`id`),
  UNIQUE KEY `country` (`country`)
) ENGINE=InnoDB DEFAULT CHARSET=utf8mb4 COLLATE=utf8mb4_0900_ai_ci COMMENT='Таблица стран';
/*!40101 SET character_set_client = @saved_cs_client */;

--
-- Dumping data for table `countries`
--

LOCK TABLES `countries` WRITE;
/*!40000 ALTER TABLE `countries` DISABLE KEYS */;
INSERT INTO `countries` VALUES (827,'Antarctica (the territory South of 60 deg S)'),(21,'Austria'),(76,'Azerbaijan'),(425,'Bangladesh'),(952,'Barbados'),(432,'Belarus'),(179,'Belgium'),(874,'Benin'),(955,'Bermuda'),(175,'Cape Verde'),(220,'Chile'),(28,'Congo'),(258,'Cook Islands'),(978,'Cuba'),(140,'Czech Republic'),(622,'Dominica'),(764,'Dominican Republic'),(815,'Egypt'),(986,'French Polynesia'),(685,'Guyana'),(542,'Hong Kong'),(302,'Ireland'),(33,'Isle of Man'),(693,'Israel'),(82,'Jamaica'),(883,'Japan'),(260,'Jersey'),(211,'Jordan'),(820,'Lesotho'),(484,'Libyan Arab Jamahiriya'),(699,'Lithuania'),(544,'Luxembourg'),(823,'Macedonia'),(869,'Madagascar'),(787,'Maldives'),(704,'Mali'),(278,'Malta'),(767,'Mayotte'),(629,'Mexico'),(358,'Mongolia'),(487,'Morocco'),(567,'Netherlands'),(181,'Nigeria'),(429,'Niue'),(511,'Norfolk Island'),(721,'Northern Mariana Islands'),(628,'Panama'),(943,'Peru'),(931,'Pitcairn Islands'),(182,'Portugal'),(818,'Qatar'),(893,'Reunion'),(17,'Rwanda'),(951,'Saint Barthelemy'),(684,'Saint Helena'),(762,'Saint Kitts and Nevis'),(156,'Saint Martin'),(916,'San Marino'),(63,'Sao Tome and Principe'),(53,'Solomon Islands'),(945,'Spain'),(512,'Sudan'),(316,'Suriname'),(935,'Swaziland'),(647,'Timor-Leste'),(313,'Tonga'),(983,'Trinidad and Tobago'),(712,'Tunisia'),(22,'Turkey'),(246,'United States Minor Outlying Islands');
/*!40000 ALTER TABLE `countries` ENABLE KEYS */;
UNLOCK TABLES;

--
-- Table structure for table `creators`
--

DROP TABLE IF EXISTS `creators`;
/*!40101 SET @saved_cs_client     = @@character_set_client */;
/*!50503 SET character_set_client = utf8mb4 */;
CREATE TABLE `creators` (
  `id` int unsigned NOT NULL AUTO_INCREMENT,
  `first_name` varchar(200) DEFAULT NULL,
  `last_name` varchar(200) DEFAULT NULL,
  `date_of_birth` date DEFAULT NULL,
  `date_of_death` date DEFAULT NULL,
  `gender` enum('m','f','ud') DEFAULT 'ud',
  `country_id` int unsigned DEFAULT NULL,
  PRIMARY KEY (`id`),
  KEY `country_id` (`country_id`),
  CONSTRAINT `creators_ibfk_1` FOREIGN KEY (`country_id`) REFERENCES `countries` (`id`)
) ENGINE=InnoDB AUTO_INCREMENT=101 DEFAULT CHARSET=utf8mb4 COLLATE=utf8mb4_0900_ai_ci COMMENT='Таблица создателей видеоконтента';
/*!40101 SET character_set_client = @saved_cs_client */;

--
-- Dumping data for table `creators`
--

LOCK TABLES `creators` WRITE;
/*!40000 ALTER TABLE `creators` DISABLE KEYS */;
INSERT INTO `creators` VALUES (1,'Bernie','Klein','2020-07-01','1989-01-08','ud',17),(2,'Yvonne','Spencer','1990-10-12','2004-07-17','ud',21),(3,'Madelynn','Ernser','1977-04-25','1971-08-26','f',22),(4,'Amelie','Jakubowski','1995-09-28','2002-05-13','m',28),(5,'Tatum','Pagac','2015-09-20','2017-04-10','f',33),(6,'Dominique','Lockman','2019-12-21','2002-12-17','m',53),(7,'Corene','Hand','2000-06-25','2010-11-06','ud',63),(8,'Itzel','Feest','1985-05-31','1982-08-13','m',76),(9,'Shany','Berge','1993-04-19','1996-12-05','m',82),(10,'Karl','Roob','1984-07-01','2003-05-17','ud',140),(11,'Hector','Roob','2004-08-14','1973-03-17','ud',156),(12,'Mia','Mann','1985-03-14','2006-09-10','m',175),(13,'Benjamin','Zemlak','1973-06-15','1971-05-18','f',179),(14,'Edyth','Borer','2006-02-09','1992-09-07','m',181),(15,'Jessie','Effertz','1988-12-07','2006-05-10','f',182),(16,'Yessenia','Cronin','1971-03-17','2020-11-05','m',211),(17,'Kolby','Monahan','2015-09-04','1992-09-24','m',220),(18,'Christian','Schmidt','2002-06-18','1998-12-15','m',246),(19,'Camden','Crona','2007-10-06','1990-03-12','f',258),(20,'Virginie','Pfannerstill','1993-06-10','2000-05-25','m',260),(21,'Friedrich','Emmerich','1978-03-01','2004-04-11','m',278),(22,'Emmet','King','1994-04-08','2018-03-10','ud',302),(23,'Thalia','Murray','1975-06-10','1978-03-30','ud',313),(24,'Monique','Oberbrunner','1971-07-08','1988-05-03','ud',316),(25,'Lea','Parker','2012-11-24','1990-04-21','m',358),(26,'Nyasia','Keebler','2010-11-30','1998-03-02','m',425),(27,'Aaron','Cremin','1984-07-31','2018-12-17','f',429),(28,'Felicity','Halvorson','1970-09-22','2004-02-15','m',432),(29,'Robb','Thiel','1996-09-02','2017-08-16','ud',484),(30,'Connie','Gibson','1973-08-12','1970-03-18','f',487),(31,'Florine','Lubowitz','1971-07-14','2019-08-26','f',511),(32,'Nels','Lehner','1977-10-17','2017-12-03','m',512),(33,'Jerod','Dooley','1994-04-22','1980-04-11','m',542),(34,'Isom','Lindgren','1971-01-17','1974-06-13','f',544),(35,'Wilbert','Kozey','2005-07-08','2016-02-13','ud',567),(36,'Bianka','White','1977-11-08','1983-06-25','ud',622),(37,'Edgardo','McClure','2007-08-16','1995-06-12','f',628),(38,'Itzel','Kling','1998-12-27','1976-06-16','m',629),(39,'Jimmie','Cartwright','1991-08-08','1998-11-11','f',647),(40,'Darryl','Champlin','2014-01-02','1990-07-13','ud',684),(41,'Philip','Wuckert','2013-01-04','1987-02-10','ud',685),(42,'Dariana','Reilly','1994-07-27','1991-02-04','m',693),(43,'Jose','Boyer','1991-09-11','1974-08-08','f',699),(44,'Janessa','Johnson','1995-05-11','2007-01-07','m',704),(45,'Keira','Moore','1975-08-13','2016-06-26','m',712),(46,'Ryann','Wyman','2019-01-19','1975-09-06','m',721),(47,'Abelardo','Lebsack','1980-10-02','2001-04-01','ud',762),(48,'Jeramy','Dicki','1997-07-23','2018-12-23','m',764),(49,'Freddy','Johns','2015-07-20','1988-09-04','f',767),(50,'Emilia','Bins','1998-09-23','1979-12-09','ud',787),(51,'Enola','Schroeder','2000-01-25','2016-08-10','m',815),(52,'Addison','Wolf','1990-01-26','2014-04-10','m',818),(53,'Jacques','Pfannerstill','1971-10-29','1982-06-06','f',820),(54,'Reta','Moore','1985-07-26','1982-03-22','m',823),(55,'Patience','Barton','1980-09-11','1997-07-25','ud',827),(56,'Flavio','Wilkinson','1978-12-03','1973-04-21','ud',869),(57,'Brenden','Gutmann','2016-03-06','1977-10-30','f',874),(58,'Adalberto','Lebsack','2014-10-05','2004-02-24','ud',883),(59,'Felton','Kling','2011-01-04','1981-05-31','f',893),(60,'Nasir','Walsh','2014-09-10','1978-04-01','m',916),(61,'Kylee','Schroeder','2008-10-20','1996-09-13','m',931),(62,'Winnifred','Gulgowski','1988-04-01','2012-04-19','ud',935),(63,'Tierra','Stoltenberg','2009-10-22','1972-07-26','f',943),(64,'Martina','Schmidt','1980-08-18','1988-12-03','f',945),(65,'Logan','Mann','1973-04-26','2003-02-23','ud',951),(66,'Kenneth','Schmidt','1990-11-04','1988-09-28','m',952),(67,'Coleman','Bednar','1978-02-22','1979-06-08','ud',955),(68,'Felix','Berge','2021-02-02','1970-08-10','m',978),(69,'Francis','Braun','2011-07-12','1990-04-03','f',983),(70,'Dock','Sawayn','1986-11-21','1997-12-29','ud',986),(71,'Keeley','Nienow','2002-02-22','2014-01-17','f',17),(72,'Bart','Jacobs','1989-11-15','1996-09-06','m',21),(73,'Newell','Veum','2002-03-27','1991-01-13','f',22),(74,'Devan','Walsh','2005-02-06','2009-09-19','m',28),(75,'Ally','Lindgren','1972-05-17','1982-05-12','f',33),(76,'Philip','Lehner','1993-04-14','1978-10-28','m',53),(77,'Arne','Schneider','2008-01-21','2020-12-01','f',63),(78,'Jenifer','Dooley','2018-06-05','1987-02-24','ud',76),(79,'Alberto','Turcotte','1978-12-12','1999-04-30','ud',82),(80,'Dasia','Hermann','1974-01-10','1985-07-07','f',140),(81,'Brandi','Bashirian','2018-03-28','1998-07-10','m',156),(82,'Haven','Dibbert','1977-09-27','2011-05-18','ud',175),(83,'Kira','Torphy','2002-04-03','1999-11-23','f',179),(84,'Yvette','Heller','1975-08-24','1983-09-14','ud',181),(85,'Nathen','Okuneva','1995-05-16','2016-03-12','ud',182),(86,'Dereck','Heaney','1978-04-26','2000-09-03','ud',211),(87,'Joana','Romaguera','1976-07-19','2020-08-10','ud',220),(88,'Dorthy','Rodriguez','1984-01-11','1992-10-22','ud',246),(89,'Chesley','Towne','1977-10-19','2001-04-23','f',258),(90,'Jaylon','Berge','1987-07-01','2014-04-05','m',260),(91,'Mckenzie','Schmeler','2001-01-29','2005-03-24','f',278),(92,'Sherman','Mraz','2001-11-06','2015-01-17','m',302),(93,'Chaim','Klocko','2016-03-23','1987-09-15','m',313),(94,'Corine','Kihn','1984-04-08','2018-01-09','m',316),(95,'Ludwig','Johns','1995-04-07','1979-07-26','f',358),(96,'Alexandrea','Russel','1973-12-07','1993-01-12','ud',425),(97,'Hollie','Crist','2013-01-14','2016-08-11','m',429),(98,'Estefania','Hansen','2011-02-06','2010-05-06','ud',432),(99,'Celia','Morar','2008-04-03','1977-02-25','f',484),(100,'Alicia','Hermann','1987-05-09','2004-10-26','ud',487);
/*!40000 ALTER TABLE `creators` ENABLE KEYS */;
UNLOCK TABLES;

--
-- Table structure for table `genres`
--

DROP TABLE IF EXISTS `genres`;
/*!40101 SET @saved_cs_client     = @@character_set_client */;
/*!50503 SET character_set_client = utf8mb4 */;
CREATE TABLE `genres` (
  `id` int unsigned NOT NULL,
  `genre` varchar(200) NOT NULL,
  UNIQUE KEY `id` (`id`),
  UNIQUE KEY `genre` (`genre`)
) ENGINE=InnoDB DEFAULT CHARSET=utf8mb4 COLLATE=utf8mb4_0900_ai_ci COMMENT='Таблица жанров';
/*!40101 SET character_set_client = @saved_cs_client */;

--
-- Dumping data for table `genres`
--

LOCK TABLES `genres` WRITE;
/*!40000 ALTER TABLE `genres` DISABLE KEYS */;
INSERT INTO `genres` VALUES (2,'aut'),(6,'cupiditate'),(1,'enim'),(0,'non'),(9,'qui'),(5,'quia'),(7,'voluptate');
/*!40000 ALTER TABLE `genres` ENABLE KEYS */;
UNLOCK TABLES;

--
-- Table structure for table `movies`
--

DROP TABLE IF EXISTS `movies`;
/*!40101 SET @saved_cs_client     = @@character_set_client */;
/*!50503 SET character_set_client = utf8mb4 */;
CREATE TABLE `movies` (
  `id` int unsigned NOT NULL AUTO_INCREMENT,
  `movies_name` varchar(100) NOT NULL,
  `original_name` varchar(100) DEFAULT NULL,
  PRIMARY KEY (`id`)
) ENGINE=InnoDB AUTO_INCREMENT=101 DEFAULT CHARSET=utf8mb4 COLLATE=utf8mb4_0900_ai_ci COMMENT='Таблица видеоконтента';
/*!40101 SET character_set_client = @saved_cs_client */;

--
-- Dumping data for table `movies`
--

LOCK TABLES `movies` WRITE;
/*!40000 ALTER TABLE `movies` DISABLE KEYS */;
INSERT INTO `movies` VALUES (1,'placeat','voluptatem'),(2,'necessitatibus','natus'),(3,'sed','aspernatur'),(4,'odit','mollitia'),(5,'consequuntur','ab'),(6,'est','cum'),(7,'voluptate','illum'),(8,'ut','aspernatur'),(9,'occaecati','error'),(10,'optio','possimus'),(11,'eius','sint'),(12,'porro','et'),(13,'vel','earum'),(14,'voluptatem','quidem'),(15,'assumenda','est'),(16,'aut','id'),(17,'quod','molestias'),(18,'blanditiis','ex'),(19,'itaque','autem'),(20,'aperiam','est'),(21,'ad','et'),(22,'quas','reiciendis'),(23,'aut','at'),(24,'nesciunt','aliquid'),(25,'minus','a'),(26,'quas','nihil'),(27,'asperiores','harum'),(28,'voluptatum','ipsa'),(29,'iusto','pariatur'),(30,'totam','dolores'),(31,'omnis','dicta'),(32,'amet','fugit'),(33,'in','beatae'),(34,'possimus','ut'),(35,'blanditiis','impedit'),(36,'veritatis','similique'),(37,'unde','velit'),(38,'excepturi','velit'),(39,'eveniet','eaque'),(40,'occaecati','iste'),(41,'sed','ad'),(42,'sunt','sit'),(43,'earum','labore'),(44,'est','tempore'),(45,'enim','ut'),(46,'repudiandae','itaque'),(47,'ipsa','et'),(48,'dolor','sed'),(49,'dolorum','facere'),(50,'occaecati','omnis'),(51,'quia','iusto'),(52,'beatae','laudantium'),(53,'aspernatur','possimus'),(54,'alias','qui'),(55,'et','qui'),(56,'unde','et'),(57,'pariatur','consequuntur'),(58,'quam','ut'),(59,'qui','possimus'),(60,'amet','numquam'),(61,'pariatur','consequatur'),(62,'qui','aut'),(63,'nesciunt','est'),(64,'quidem','est'),(65,'corporis','consectetur'),(66,'quia','impedit'),(67,'natus','sed'),(68,'in','ea'),(69,'cupiditate','laudantium'),(70,'quia','error'),(71,'quo','architecto'),(72,'voluptas','dignissimos'),(73,'perspiciatis','vel'),(74,'quisquam','dolore'),(75,'et','sit'),(76,'numquam','commodi'),(77,'adipisci','ut'),(78,'accusamus','modi'),(79,'doloremque','rerum'),(80,'molestiae','quis'),(81,'eaque','debitis'),(82,'velit','dolorum'),(83,'et','sint'),(84,'et','consequuntur'),(85,'quia','quaerat'),(86,'quas','consequatur'),(87,'quos','id'),(88,'assumenda','commodi'),(89,'nulla','autem'),(90,'rerum','ducimus'),(91,'officiis','delectus'),(92,'ipsam','ex'),(93,'similique','impedit'),(94,'alias','doloribus'),(95,'distinctio','sint'),(96,'eum','sit'),(97,'ad','illo'),(98,'unde','suscipit'),(99,'atque','voluptate'),(100,'odio','qui');
/*!40000 ALTER TABLE `movies` ENABLE KEYS */;
UNLOCK TABLES;

--
-- Table structure for table `movies_company`
--

DROP TABLE IF EXISTS `movies_company`;
/*!40101 SET @saved_cs_client     = @@character_set_client */;
/*!50503 SET character_set_client = utf8mb4 */;
CREATE TABLE `movies_company` (
  `id` int unsigned NOT NULL AUTO_INCREMENT,
  `movies_id` int unsigned DEFAULT NULL,
  `company_id` int unsigned DEFAULT NULL,
  PRIMARY KEY (`id`),
  KEY `movies_id` (`movies_id`),
  KEY `company_id` (`company_id`),
  CONSTRAINT `movies_company_ibfk_1` FOREIGN KEY (`movies_id`) REFERENCES `movies` (`id`),
  CONSTRAINT `movies_company_ibfk_2` FOREIGN KEY (`company_id`) REFERENCES `companies` (`id`)
) ENGINE=InnoDB AUTO_INCREMENT=101 DEFAULT CHARSET=utf8mb4 COLLATE=utf8mb4_0900_ai_ci COMMENT='Таблица компаний видеоконтента';
/*!40101 SET character_set_client = @saved_cs_client */;

--
-- Dumping data for table `movies_company`
--

LOCK TABLES `movies_company` WRITE;
/*!40000 ALTER TABLE `movies_company` DISABLE KEYS */;
INSERT INTO `movies_company` VALUES (1,1,108),(2,2,190),(3,3,279),(4,4,306),(5,5,327),(6,6,387),(7,7,436),(8,8,455),(9,9,494),(10,10,506),(11,11,513),(12,12,564),(13,13,604),(14,14,607),(15,15,637),(16,16,663),(17,17,666),(18,18,709),(19,19,844),(20,20,851),(21,21,903),(22,22,925),(23,23,953),(24,24,984),(25,25,988),(26,26,108),(27,27,190),(28,28,279),(29,29,306),(30,30,327),(31,31,387),(32,32,436),(33,33,455),(34,34,494),(35,35,506),(36,36,513),(37,37,564),(38,38,604),(39,39,607),(40,40,637),(41,41,663),(42,42,666),(43,43,709),(44,44,844),(45,45,851),(46,46,903),(47,47,925),(48,48,953),(49,49,984),(50,50,988),(51,51,108),(52,52,190),(53,53,279),(54,54,306),(55,55,327),(56,56,387),(57,57,436),(58,58,455),(59,59,494),(60,60,506),(61,61,513),(62,62,564),(63,63,604),(64,64,607),(65,65,637),(66,66,663),(67,67,666),(68,68,709),(69,69,844),(70,70,851),(71,71,903),(72,72,925),(73,73,953),(74,74,984),(75,75,988),(76,76,108),(77,77,190),(78,78,279),(79,79,306),(80,80,327),(81,81,387),(82,82,436),(83,83,455),(84,84,494),(85,85,506),(86,86,513),(87,87,564),(88,88,604),(89,89,607),(90,90,637),(91,91,663),(92,92,666),(93,93,709),(94,94,844),(95,95,851),(96,96,903),(97,97,925),(98,98,953),(99,99,984),(100,100,988);
/*!40000 ALTER TABLE `movies_company` ENABLE KEYS */;
UNLOCK TABLES;

--
-- Table structure for table `movies_country`
--

DROP TABLE IF EXISTS `movies_country`;
/*!40101 SET @saved_cs_client     = @@character_set_client */;
/*!50503 SET character_set_client = utf8mb4 */;
CREATE TABLE `movies_country` (
  `id` int unsigned NOT NULL AUTO_INCREMENT,
  `movies_id` int unsigned DEFAULT NULL,
  `country_id` int unsigned DEFAULT NULL,
  PRIMARY KEY (`id`),
  KEY `movies_id` (`movies_id`),
  KEY `country_id` (`country_id`),
  CONSTRAINT `movies_country_ibfk_1` FOREIGN KEY (`movies_id`) REFERENCES `movies` (`id`),
  CONSTRAINT `movies_country_ibfk_2` FOREIGN KEY (`country_id`) REFERENCES `countries` (`id`)
) ENGINE=InnoDB AUTO_INCREMENT=101 DEFAULT CHARSET=utf8mb4 COLLATE=utf8mb4_0900_ai_ci COMMENT='Таблица стран происхождения видеоконтента';
/*!40101 SET character_set_client = @saved_cs_client */;

--
-- Dumping data for table `movies_country`
--

LOCK TABLES `movies_country` WRITE;
/*!40000 ALTER TABLE `movies_country` DISABLE KEYS */;
INSERT INTO `movies_country` VALUES (1,1,17),(2,2,21),(3,3,22),(4,4,28),(5,5,33),(6,6,53),(7,7,63),(8,8,76),(9,9,82),(10,10,140),(11,11,156),(12,12,175),(13,13,179),(14,14,181),(15,15,182),(16,16,211),(17,17,220),(18,18,246),(19,19,258),(20,20,260),(21,21,278),(22,22,302),(23,23,313),(24,24,316),(25,25,358),(26,26,425),(27,27,429),(28,28,432),(29,29,484),(30,30,487),(31,31,511),(32,32,512),(33,33,542),(34,34,544),(35,35,567),(36,36,622),(37,37,628),(38,38,629),(39,39,647),(40,40,684),(41,41,685),(42,42,693),(43,43,699),(44,44,704),(45,45,712),(46,46,721),(47,47,762),(48,48,764),(49,49,767),(50,50,787),(51,51,815),(52,52,818),(53,53,820),(54,54,823),(55,55,827),(56,56,869),(57,57,874),(58,58,883),(59,59,893),(60,60,916),(61,61,931),(62,62,935),(63,63,943),(64,64,945),(65,65,951),(66,66,952),(67,67,955),(68,68,978),(69,69,983),(70,70,986),(71,71,17),(72,72,21),(73,73,22),(74,74,28),(75,75,33),(76,76,53),(77,77,63),(78,78,76),(79,79,82),(80,80,140),(81,81,156),(82,82,175),(83,83,179),(84,84,181),(85,85,182),(86,86,211),(87,87,220),(88,88,246),(89,89,258),(90,90,260),(91,91,278),(92,92,302),(93,93,313),(94,94,316),(95,95,358),(96,96,425),(97,97,429),(98,98,432),(99,99,484),(100,100,487);
/*!40000 ALTER TABLE `movies_country` ENABLE KEYS */;
UNLOCK TABLES;

--
-- Table structure for table `movies_info`
--

DROP TABLE IF EXISTS `movies_info`;
/*!40101 SET @saved_cs_client     = @@character_set_client */;
/*!50503 SET character_set_client = utf8mb4 */;
CREATE TABLE `movies_info` (
  `id` int unsigned NOT NULL AUTO_INCREMENT,
  `movies_id` int unsigned DEFAULT NULL,
  `movies_type_id` int unsigned DEFAULT '1',
  `release_date` date DEFAULT NULL,
  `rars` enum('0+','6+','12+','16+','18+','NR') DEFAULT 'NR',
  PRIMARY KEY (`id`),
  KEY `movies_id` (`movies_id`),
  KEY `movies_type_id` (`movies_type_id`),
  CONSTRAINT `movies_info_ibfk_1` FOREIGN KEY (`movies_id`) REFERENCES `movies` (`id`),
  CONSTRAINT `movies_info_ibfk_2` FOREIGN KEY (`movies_type_id`) REFERENCES `movies_types` (`id`)
) ENGINE=InnoDB AUTO_INCREMENT=101 DEFAULT CHARSET=utf8mb4 COLLATE=utf8mb4_0900_ai_ci COMMENT='Таблица расширенной информации видеоконтента';
/*!40101 SET character_set_client = @saved_cs_client */;

--
-- Dumping data for table `movies_info`
--

LOCK TABLES `movies_info` WRITE;
/*!40000 ALTER TABLE `movies_info` DISABLE KEYS */;
INSERT INTO `movies_info` VALUES (1,1,0,'2001-01-26','0+'),(2,2,1,'2004-03-15','18+'),(3,3,2,'2006-04-10','NR'),(4,4,3,'1991-01-21','12+'),(5,5,4,'2014-10-20','16+'),(6,6,6,'1994-09-07','NR'),(7,7,8,'2001-05-08','18+'),(8,8,9,'2011-08-30','NR'),(9,9,13,'2003-07-07','16+'),(10,10,14,'1998-05-30','12+'),(11,11,17,'1987-11-15','0+'),(12,12,19,'2001-11-22','0+'),(13,13,20,'1998-12-09','12+'),(14,14,21,'1979-06-28','18+'),(15,15,22,'2007-01-24','12+'),(16,16,23,'1982-08-12','16+'),(17,17,26,'1997-09-10','NR'),(18,18,27,'2002-11-28','0+'),(19,19,29,'2010-07-07','18+'),(20,20,30,'1996-02-11','18+'),(21,21,31,'2020-03-26','18+'),(22,22,33,'2001-08-09','0+'),(23,23,35,'1976-07-14','NR'),(24,24,37,'2007-07-08','0+'),(25,25,39,'2019-11-13','6+'),(26,26,40,'2012-11-29','12+'),(27,27,41,'1970-02-20','NR'),(28,28,42,'2000-02-27','18+'),(29,29,43,'2014-02-07','12+'),(30,30,44,'2013-06-23','12+'),(31,31,45,'1997-08-23','12+'),(32,32,46,'1985-10-06','6+'),(33,33,47,'2015-09-12','18+'),(34,34,48,'1981-12-18','12+'),(35,35,49,'1982-03-14','NR'),(36,36,53,'2016-11-06','NR'),(37,37,54,'1992-05-07','18+'),(38,38,55,'2011-12-26','NR'),(39,39,57,'1978-12-20','18+'),(40,40,59,'1995-08-17','16+'),(41,41,61,'1995-01-13','18+'),(42,42,63,'2013-02-18','16+'),(43,43,64,'1993-11-02','18+'),(44,44,65,'1988-01-09','18+'),(45,45,66,'1984-03-08','6+'),(46,46,67,'1973-04-25','16+'),(47,47,69,'1986-03-07','18+'),(48,48,74,'2012-03-13','NR'),(49,49,75,'1976-09-28','0+'),(50,50,76,'2021-04-28','16+'),(51,51,78,'1981-05-30','6+'),(52,52,79,'1986-01-24','16+'),(53,53,81,'1970-12-14','NR'),(54,54,82,'1988-05-20','6+'),(55,55,84,'2004-11-30','6+'),(56,56,85,'1993-04-22','16+'),(57,57,86,'1985-10-23','0+'),(58,58,87,'2017-09-15','12+'),(59,59,90,'1992-06-25','NR'),(60,60,92,'1996-07-21','6+'),(61,61,93,'2009-04-15','12+'),(62,62,96,'1998-08-04','12+'),(63,63,97,'1991-05-26','6+'),(64,64,99,'2008-02-18','6+'),(65,65,0,'1993-04-24','0+'),(66,66,1,'1989-06-26','6+'),(67,67,2,'2017-01-12','0+'),(68,68,3,'1981-03-21','NR'),(69,69,4,'1999-01-21','0+'),(70,70,6,'1984-01-15','NR'),(71,71,8,'2016-05-02','6+'),(72,72,9,'2016-11-30','12+'),(73,73,13,'1973-07-14','NR'),(74,74,14,'1975-07-07','6+'),(75,75,17,'2013-06-11','18+'),(76,76,19,'2017-02-14','16+'),(77,77,20,'2016-01-03','12+'),(78,78,21,'1980-08-07','18+'),(79,79,22,'2006-02-03','12+'),(80,80,23,'2005-08-05','18+'),(81,81,26,'1971-06-27','NR'),(82,82,27,'2020-10-16','6+'),(83,83,29,'2009-08-31','18+'),(84,84,30,'2001-02-09','18+'),(85,85,31,'1984-12-06','0+'),(86,86,33,'2005-08-23','16+'),(87,87,35,'1979-10-20','0+'),(88,88,37,'1988-10-16','16+'),(89,89,39,'1985-05-25','12+'),(90,90,40,'1986-05-16','6+'),(91,91,41,'1992-04-30','18+'),(92,92,42,'1989-07-20','12+'),(93,93,43,'1994-08-01','0+'),(94,94,44,'1994-05-25','16+'),(95,95,45,'1996-02-10','16+'),(96,96,46,'1979-12-28','0+'),(97,97,47,'2020-06-21','0+'),(98,98,48,'1980-11-14','NR'),(99,99,49,'2008-02-15','0+'),(100,100,53,'1994-08-23','18+');
/*!40000 ALTER TABLE `movies_info` ENABLE KEYS */;
UNLOCK TABLES;

--
-- Table structure for table `movies_types`
--

DROP TABLE IF EXISTS `movies_types`;
/*!40101 SET @saved_cs_client     = @@character_set_client */;
/*!50503 SET character_set_client = utf8mb4 */;
CREATE TABLE `movies_types` (
  `id` int unsigned NOT NULL,
  `movies_type` varchar(200) NOT NULL,
  UNIQUE KEY `id` (`id`),
  UNIQUE KEY `movies_type` (`movies_type`)
) ENGINE=InnoDB DEFAULT CHARSET=utf8mb4 COLLATE=utf8mb4_0900_ai_ci COMMENT='Таблица типа видеоконтента';
/*!40101 SET character_set_client = @saved_cs_client */;

--
-- Dumping data for table `movies_types`
--

LOCK TABLES `movies_types` WRITE;
/*!40000 ALTER TABLE `movies_types` DISABLE KEYS */;
INSERT INTO `movies_types` VALUES (33,'Accusamus asperiores sed enim et veniam quidem. Aut tempora sunt minus ad id. Ad vel ducimus culpa nostrum voluptas nisi ut. Omnis quo quia accusantium molestias cum.'),(97,'Animi et ullam consequatur reprehenderit. Distinctio fugit quaerat explicabo nobis dolor quo. Ut officiis soluta magnam qui fugiat hic ex. Iure porro fuga tempora rerum ab ipsam eligendi.'),(49,'At voluptatem sunt sapiente consequatur dicta. Explicabo iusto autem unde ad atque officia. Qui eveniet dolore id omnis eius deleniti et. Placeat ratione voluptas illo ad dolorem.'),(79,'Aut reiciendis non maiores ut id. Quibusdam a ut labore laboriosam occaecati porro eius. Et repellendus assumenda quo qui rerum maxime.'),(26,'Autem at excepturi ex nihil eaque velit ducimus. Nesciunt facilis itaque et sed doloremque distinctio. Laudantium quo quis et. Delectus rerum voluptas minus.'),(20,'Consequatur quia qui pariatur similique. Culpa ipsum quidem sapiente reiciendis eos ipsam itaque. Aperiam non unde commodi nostrum autem aut magnam aut.'),(42,'Cupiditate impedit recusandae ipsam iure perspiciatis accusamus tenetur. Ullam quod iure odit eum vel. Corrupti ut sequi et est qui est autem. Vel hic dolor non quod harum labore doloremque.'),(6,'Cupiditate laboriosam fuga aut architecto ad. Cumque dolorem aut iure rerum consectetur aspernatur. Nesciunt nihil qui accusamus molestiae. Non enim quidem atque voluptate autem.'),(3,'Dolorum minus saepe excepturi vel hic. Alias corrupti nisi dolores ab non aspernatur. Et sit pariatur modi iste. Dicta soluta est qui id aut nihil voluptatem.'),(63,'Ea voluptas et nihil facere enim quia quos. Totam quia quia qui nostrum. Enim saepe porro quo autem. Aut tenetur provident rerum autem in quasi.'),(46,'Enim blanditiis deleniti voluptates libero explicabo quo. Molestias magni quos voluptatem dolor ut autem alias. Aliquam vel qui dolores debitis consequatur voluptas.'),(75,'Enim dolor ex perspiciatis sequi sapiente qui qui. Aut molestiae ipsam dolores rerum similique quae. Aspernatur enim rerum ea quis et. Odio nesciunt iure cupiditate quibusdam dolorem velit.'),(57,'Eos cupiditate minus neque. Aut natus molestiae unde aut aut aut incidunt.'),(81,'Est itaque itaque aut exercitationem optio voluptatum porro. Fugit ea rerum perspiciatis atque qui debitis. Voluptate qui quod incidunt molestiae nisi rerum placeat.'),(54,'Et aut laudantium sed ducimus. Reprehenderit qui fugiat perspiciatis. Minima eos impedit et necessitatibus aliquid. Qui quae et labore corporis dolorem amet. Aut velit ut eos dolor accusamus sed.'),(84,'Et in voluptas consequatur impedit voluptatem nihil. Amet rem est dolor. Enim nobis omnis unde expedita.'),(74,'Et vel dolor eos. Eius et sunt ipsum excepturi. Placeat at et sapiente vitae possimus suscipit dolorem.'),(4,'Eum velit fugit qui quod aperiam officia. Aut molestias fugiat eos hic omnis qui sunt. Optio dolor repellat voluptatem praesentium.'),(64,'Excepturi delectus laboriosam consectetur odit ipsa. Tempora molestias ut sit id alias qui nihil. Et deserunt sunt quia saepe veniam accusamus quis. Cupiditate est voluptate est aperiam temporibus.'),(1,'Explicabo accusamus omnis enim voluptates voluptatem. Beatae laborum molestiae nam exercitationem consequuntur consectetur. Quo voluptatem nihil et.'),(85,'Fuga unde voluptatem ut corporis quasi tempora. Et sit assumenda dicta fugit molestiae blanditiis. Provident et aut possimus labore. Delectus et dolorem eum sed quibusdam in non.'),(59,'Hic quidem sed aut quis delectus. Tenetur cumque voluptas quasi laboriosam.'),(69,'Illum deserunt neque tempore ex aspernatur esse. Accusamus soluta et iure deserunt et eligendi. Ea officia itaque beatae eius ducimus. Excepturi blanditiis hic facilis in animi.'),(22,'Illum dolores deleniti voluptatibus incidunt et voluptatem eum reprehenderit. Quis magnam eos repellat maxime debitis quas qui. Labore suscipit hic quam quia. Animi aut sapiente quaerat aut.'),(14,'Incidunt qui laborum recusandae voluptate repellat omnis sit id. Hic ex quod sapiente atque voluptatem sint perspiciatis. Dolor vel illo rem perferendis in in distinctio.'),(96,'Minima eaque quod suscipit quisquam. Corporis similique nisi illum omnis aut sed. Enim voluptatibus aut ratione rem. Aut possimus ut ut rerum. Voluptatem nesciunt quis expedita aut.'),(55,'Molestiae enim sapiente in. Similique perferendis quo velit qui. Optio voluptatem quo beatae quo sed aliquid dolor.\nNesciunt fugiat rem laboriosam cumque ut fugit. Ad quam in qui quia et laboriosam.'),(37,'Molestias magni porro suscipit fugiat labore asperiores. Adipisci eveniet inventore ut dignissimos temporibus non. Qui ipsum a vel aut eos a commodi at.'),(48,'Mollitia minima minima qui natus ut suscipit. Corporis facilis ea repudiandae vitae. Itaque autem et hic consequatur odit est atque recusandae.'),(53,'Nam eveniet voluptatem officiis. Autem eum labore laudantium expedita iusto laudantium.\nDoloribus aspernatur animi est aperiam non. Eaque sed nostrum ut ullam eveniet aperiam. Qui autem qui sit.'),(41,'Necessitatibus sunt veniam neque culpa et consequatur tempore. Provident est omnis sit alias. Et voluptatem ut explicabo officiis modi. Illum necessitatibus possimus accusamus autem rerum illo.'),(90,'Neque excepturi ut ex facilis aliquid aspernatur qui. At voluptatem occaecati vero cupiditate ut sunt. Et corrupti autem cumque sed iste.'),(30,'Nesciunt ducimus maiores eius odio ut consequatur. Quaerat nam sed repellat commodi provident corporis voluptatibus. Doloribus in ut dolorum itaque distinctio aliquam alias.'),(45,'Nisi cupiditate eveniet deserunt quia nam. Dolor suscipit quia qui ut aut eveniet autem. Ea similique quo eius totam.'),(17,'Officiis magni sed hic enim. Excepturi nihil quo adipisci. Quo nobis error placeat. Omnis ab atque repellendus quidem est eveniet. Corporis voluptates distinctio magnam qui quis quidem.'),(31,'Officiis voluptates sunt est consectetur et explicabo non. Quos unde enim voluptas dolorem illum vitae mollitia. Occaecati est architecto quaerat quia id molestias.'),(8,'Optio dolor natus commodi. Error rerum nihil veritatis cumque veritatis. Magnam provident veniam ullam similique aut pariatur.'),(86,'Quae non cumque eaque vitae blanditiis quo voluptas. Optio quia dolor voluptatem totam. Ut labore quo est cum. Nihil vel quia dolorem magnam.'),(92,'Quaerat in eligendi rerum. Labore sed repellat reiciendis rerum necessitatibus cum. Itaque pariatur sit libero maiores ut quis.'),(21,'Qui consequatur nihil ut minus. Quaerat explicabo et sed nihil. Unde quia aut fugiat nobis quia atque eos.'),(9,'Qui nulla sed accusantium rerum quis. Beatae at in reprehenderit quas assumenda. Debitis libero iusto quasi mollitia et. Autem et dicta rerum rerum perferendis.'),(82,'Quia consequatur voluptas consequuntur voluptas. Assumenda laboriosam id ab voluptas. Nemo assumenda aut quidem adipisci sint.'),(67,'Quia quam error qui est. Nobis amet et officiis aut assumenda sed. Velit eum id quod soluta accusantium unde optio repellat.'),(44,'Quibusdam est qui minus et consequatur laborum. Officia suscipit optio expedita tenetur totam.'),(66,'Recusandae quibusdam ut et sint. Voluptatibus dicta fugiat vel inventore quam molestiae cum. Praesentium officia amet deleniti.'),(87,'Rerum incidunt nesciunt aperiam sapiente autem qui voluptatem. Non nostrum quis non omnis. At aut temporibus rerum illo dolores aut expedita.'),(65,'Sed atque in officiis molestiae omnis facere molestias. Eum autem eligendi hic similique est. Ut voluptas cumque natus rerum molestiae accusantium.'),(47,'Sed consectetur porro voluptatem laborum repellendus hic maiores. Autem debitis repellat debitis dolorem occaecati illo.'),(23,'Sed odit vel debitis quia debitis. Maxime maiores eius et nisi commodi culpa. Explicabo consequatur fugiat non veniam.'),(27,'Temporibus sint et enim et eum voluptatum. Esse ducimus ipsam aut in omnis. Molestiae amet pariatur consequatur nihil est. Perferendis fuga est pariatur consequatur saepe.'),(78,'Ut aperiam dignissimos officia odit. Pariatur similique eum reprehenderit autem blanditiis quia. Sed ut animi aut iusto et.'),(39,'Ut est sit non reprehenderit. Ratione autem necessitatibus quisquam labore sint et maxime fugiat. Iste explicabo itaque modi qui.'),(76,'Ut et at aliquid ipsa labore. Aut et repudiandae voluptatibus eligendi. Velit veritatis dolores aut vel voluptatem. Dolores voluptate aspernatur voluptas commodi et.'),(43,'Ut reiciendis omnis quia. Saepe et ipsa deserunt. Quos fugiat dignissimos enim similique. Voluptates id porro voluptatem.'),(99,'Vel esse sint et rem. Id dolor temporibus id adipisci. Nostrum ut dicta ad et id.\nDolorem incidunt nostrum expedita tenetur numquam inventore. Et doloremque dolor corrupti sunt eligendi hic.'),(19,'Vel eum temporibus perspiciatis molestias distinctio aut aliquid dicta. Ratione excepturi cupiditate corporis enim. Et voluptatem nihil autem quaerat. Quo et cum tempore aut.'),(2,'Velit reiciendis quibusdam adipisci laudantium. Nemo dolores sit modi tempore.'),(29,'Veniam eligendi aut expedita velit. Veniam ut at quos consequuntur. Soluta omnis sint sed voluptatem voluptatem est rerum. Voluptates dolores cupiditate aliquid exercitationem quos debitis ea.'),(61,'Veniam veritatis ab est aliquam ipsa. Quisquam maxime quis omnis dolor impedit qui dolorum odio. Sed tempora et necessitatibus veritatis.'),(13,'Veritatis autem sit nemo odit molestias atque. Quo perferendis alias sequi ratione molestiae iste et.\nPossimus et fugit dolores mollitia. Nemo sed porro est labore et.'),(0,'Veritatis molestias alias ut labore voluptatum. At facere placeat inventore sint. Facilis odio consequatur aut. Ab et ab fuga architecto vel et placeat.'),(40,'Voluptas iste voluptas voluptatem non aliquam nam suscipit. Consequatur porro ad natus illo fugiat. Eos deserunt optio laborum aut suscipit voluptatem. Vero et quo eos non et magni.'),(93,'Voluptatem eum doloremque quas aut et amet quisquam. Ea omnis qui praesentium non. Omnis magnam nihil soluta repudiandae sit. Sint magnam nesciunt et et. Adipisci itaque nihil cum eos dolorem.'),(35,'Voluptates tempora nihil dicta assumenda et voluptate. Perferendis molestiae architecto doloremque eum rerum sit. Id dolores itaque cum totam id hic dolor. Et ipsum fuga ea veniam illum incidunt.');
/*!40000 ALTER TABLE `movies_types` ENABLE KEYS */;
UNLOCK TABLES;

--
-- Table structure for table `notifications`
--

DROP TABLE IF EXISTS `notifications`;
/*!40101 SET @saved_cs_client     = @@character_set_client */;
/*!50503 SET character_set_client = utf8mb4 */;
CREATE TABLE `notifications` (
  `id` int unsigned NOT NULL AUTO_INCREMENT,
  `to_user` int unsigned DEFAULT NULL,
  `created_at` timestamp NULL DEFAULT CURRENT_TIMESTAMP,
  `body_text` text NOT NULL,
  PRIMARY KEY (`id`),
  KEY `to_user` (`to_user`),
  CONSTRAINT `notifications_ibfk_1` FOREIGN KEY (`to_user`) REFERENCES `users` (`id`)
) ENGINE=InnoDB AUTO_INCREMENT=101 DEFAULT CHARSET=utf8mb4 COLLATE=utf8mb4_0900_ai_ci COMMENT='Таблица извещений пользователей';
/*!40101 SET character_set_client = @saved_cs_client */;

--
-- Dumping data for table `notifications`
--

LOCK TABLES `notifications` WRITE;
/*!40000 ALTER TABLE `notifications` DISABLE KEYS */;
INSERT INTO `notifications` VALUES (1,NULL,'1994-08-30 10:44:25','Sit necessitatibus qui ducimus. Recusandae veniam ut magnam sint quo et sed. Aperiam iure consequuntur animi quasi velit aut esse.'),(2,NULL,'1994-03-03 06:36:29','Sit aut molestias ullam et sed. Dolores similique qui enim inventore voluptas dolores. Cupiditate et tempore architecto impedit neque.'),(3,NULL,'2006-10-01 05:59:27','Nam dolores aut ratione numquam harum quam. Eaque velit voluptatem odio ratione quia et provident. Rerum et tempora ratione cumque. Voluptates sint praesentium quibusdam illum ex veritatis architecto.'),(4,NULL,'1998-05-09 08:42:51','Similique sunt veniam tenetur in voluptatibus aut. Sit animi doloribus inventore ipsum quidem atque. Asperiores repellat qui veniam nulla. Id aut rerum et voluptate et vero.'),(5,NULL,'1972-02-01 17:14:35','Iusto in reprehenderit adipisci dolores et quasi. Voluptatem et laborum dolorem perferendis quae et odit. Ad quo delectus neque voluptatibus placeat eligendi vero. Consequatur ullam velit neque distinctio nihil id dolore. Dignissimos perferendis voluptas est iure.'),(6,NULL,'1999-11-06 19:49:28','Ducimus ratione hic suscipit quidem cum repellendus sed. Veritatis velit est quia minima quo. Et laborum expedita possimus illum. Facilis repellendus officiis reprehenderit.'),(7,NULL,'2015-08-31 19:18:06','Et illum quia ex a omnis dolorem. Excepturi exercitationem aliquid repellat repellendus eius nihil eos et. Quis autem nulla voluptatem dolore voluptatum. Nemo mollitia dolores reprehenderit nihil.'),(8,NULL,'1998-07-27 13:55:32','Consectetur amet harum delectus quae asperiores ratione. Architecto dolores ad rem ut exercitationem. Voluptate aut sint eaque omnis quisquam suscipit.'),(9,NULL,'2000-04-08 23:39:24','Sed itaque magni architecto veniam rerum. Dolores ipsum asperiores praesentium illo commodi tempora quae. Deleniti et ut qui rem voluptatibus. Ex qui ut nam consequatur nulla.'),(10,NULL,'2007-10-14 06:41:51','Vel eligendi est sed reiciendis incidunt illo. Ut dolores rerum quo aliquam quidem debitis animi. Consequuntur fuga aut sint provident. Iusto repellendus praesentium sit reiciendis.'),(11,NULL,'2015-09-27 12:59:33','Distinctio ipsum qui eaque dolore. Eligendi vel voluptatem ut neque minima dolore delectus. Ex veritatis sit sit quia praesentium rem impedit.'),(12,NULL,'1980-11-10 04:04:45','Quo inventore sed aliquam cupiditate eligendi. Maiores eligendi ea molestiae nesciunt vel. Maiores velit officia cupiditate officia doloremque in ut. Qui enim libero quisquam enim sit voluptatem.'),(13,NULL,'2006-01-09 20:04:21','Consequatur et aperiam nostrum occaecati pariatur dolorem. Iure neque consequatur iure aut. Iusto omnis adipisci reprehenderit voluptas cupiditate neque.'),(14,NULL,'1970-01-01 05:21:20','Et sint placeat tempore possimus fugiat ea magnam. Ut delectus cum tempora dolores. Laboriosam eos ut occaecati rerum impedit error illum.'),(15,NULL,'2020-12-03 23:14:13','Quae et ab debitis non est impedit. Architecto possimus non provident sunt consequuntur excepturi omnis. Repudiandae nesciunt et libero ut. Et suscipit omnis saepe est provident.'),(16,NULL,'1984-02-20 08:04:21','Sint quos voluptas natus dolor ipsam laborum perferendis quo. Omnis fugiat aut aut ut repellendus eaque.'),(17,NULL,'1975-11-27 12:11:22','Minus asperiores animi repudiandae ut autem. Fuga illo nesciunt ut dignissimos laborum alias ea. Ut omnis aut officiis laboriosam. Dolor qui quia dolorum.'),(18,NULL,'1973-04-24 05:43:45','Temporibus autem dolorem qui eaque. Qui et dicta nulla quo vitae. Quibusdam voluptas rerum aperiam magni earum. Ut omnis quisquam sint omnis omnis qui.'),(19,NULL,'1991-05-28 09:38:01','Dignissimos esse ut quisquam dignissimos laboriosam qui. Corporis odio voluptas adipisci hic totam omnis corporis.'),(20,NULL,'2020-11-13 12:19:55','Hic praesentium facere quis autem. Deserunt quibusdam vitae magnam. Rem delectus necessitatibus tempora eum enim. Aut blanditiis impedit vero dolorem aspernatur possimus et nihil.'),(21,NULL,'1996-03-29 13:29:49','Vitae consequuntur id voluptatem non iusto et aliquid rem. Illum rerum voluptas sit qui ipsa exercitationem. Eligendi ea magnam quis soluta.'),(22,NULL,'1981-10-20 14:27:19','Qui laboriosam labore repellat maxime praesentium ad. Molestias aut repudiandae qui molestias sequi ad porro. Tempore et in placeat officiis sed repellat sequi.'),(23,NULL,'1983-02-22 17:11:32','Est sapiente tenetur dolore qui explicabo. Fugit iste sint repudiandae qui voluptatum. Ullam incidunt quam ab quae eaque inventore. Saepe molestias non repudiandae aliquam minima. Libero qui similique et.'),(24,NULL,'1987-01-16 03:55:55','Eos quasi et quibusdam illo. Eos voluptas assumenda quia incidunt doloribus voluptatem rerum. Eligendi aliquam placeat amet et sint eius incidunt. Omnis asperiores unde illum a beatae vero.'),(25,NULL,'1991-02-02 17:15:15','Recusandae explicabo veniam quisquam tempora rerum recusandae alias. Soluta nisi culpa pariatur cumque. Magni voluptatem sint sit enim ex molestiae. Esse autem et illo quas beatae.'),(26,NULL,'2016-08-29 16:19:29','Est non ut velit beatae et. Asperiores iure dolor deserunt at facilis distinctio nisi deleniti. Nihil eveniet ipsa dicta aut veritatis sunt. Nisi soluta nulla impedit culpa.'),(27,NULL,'1998-06-22 09:30:44','Aut quod at quisquam commodi ut velit et. Adipisci nulla omnis eos dicta iure nesciunt. Itaque eligendi quia molestias et possimus quis.'),(28,NULL,'2021-04-01 11:40:01','Incidunt a nam nihil illum aut sint. Qui deserunt est dignissimos illo voluptate. Est consequatur voluptas veniam similique. Laborum sed laboriosam eveniet placeat dolores.'),(29,NULL,'1997-07-02 19:02:18','Fuga voluptatibus dolor nemo qui repudiandae temporibus. Dolor amet quaerat eum repellat aut architecto sit sequi. Velit ducimus cumque quisquam vero rem quos. Accusantium provident est ut natus dolor mollitia quis sit.'),(30,NULL,'2009-07-25 00:03:20','Itaque ullam dignissimos dolores nihil facere architecto. Tempora neque velit vitae itaque. Quam suscipit et inventore dolore numquam est deleniti. Tempora consequatur fugit reprehenderit animi officiis. Illo culpa saepe adipisci et non autem.'),(31,NULL,'2015-09-23 03:55:11','Aut deserunt et tenetur quia distinctio libero est. Dolorem qui sit est sapiente. Nisi qui autem exercitationem iste qui quia natus. Sit doloribus vel recusandae non dolore fuga dolores. Et ex in vero doloremque consectetur a sunt.'),(32,NULL,'1975-11-08 02:43:46','Fuga rerum qui nobis temporibus nihil. Quos ad possimus suscipit tempore eos et. Illo fuga aliquid ut nulla distinctio sed. Dolores est eum quisquam aut at aut commodi sint.'),(33,NULL,'1975-05-09 02:48:44','Occaecati ut qui aut. Eum neque ut ab dolores doloribus et.'),(34,NULL,'1984-07-15 22:11:11','Qui tempora ex dolore beatae eligendi eum. Iusto repudiandae omnis autem fuga sed accusantium eveniet ullam. Sed cumque qui illum assumenda rem id dolor. Quod mollitia sapiente et eligendi laboriosam provident dicta nam.'),(35,NULL,'2018-04-04 19:29:42','Ipsam ea odio rerum perferendis nostrum voluptatem. Nihil placeat nam nulla explicabo. Et sequi aut qui vel.'),(36,NULL,'2017-05-25 20:46:22','Quaerat laboriosam temporibus debitis necessitatibus itaque sed tenetur. Aliquam officiis ducimus non ea doloribus.'),(37,NULL,'2020-02-12 05:38:34','Provident sint repellendus eveniet nihil aliquam magnam. Id aut soluta est quasi voluptatem est repudiandae. Quia et et quod beatae reprehenderit ut. Qui sit sit iusto delectus voluptatibus veritatis ut.'),(38,NULL,'2020-08-28 09:52:20','Ab dolore quia sit quia et suscipit ex. Aut quas dicta temporibus. Excepturi perspiciatis nostrum expedita blanditiis dolores a nostrum sit. Possimus aperiam non eveniet aperiam maiores dolore labore.'),(39,NULL,'1973-08-29 13:13:31','Aut quia tempore earum doloribus aperiam odio. Adipisci dolorum dolor eos ut.'),(40,NULL,'1977-09-09 16:16:16','Iure doloribus officiis sunt atque excepturi. Velit qui quibusdam nisi rerum sed vitae iste. Enim aperiam animi expedita dolores nulla.'),(41,NULL,'2014-08-11 05:21:12','Enim libero impedit ut asperiores eligendi sed. Tempora consequatur dolorum similique repudiandae aspernatur dolor. Explicabo voluptatem ipsum sint ducimus. Cum animi voluptas sed praesentium commodi.'),(42,NULL,'2014-12-22 07:23:47','Et vel odio voluptatem rerum nihil omnis. Dolorem et atque deleniti dolorem sapiente. Quisquam ab rerum aspernatur aut explicabo est ut aut. Tempora temporibus rerum ullam quis saepe.'),(43,NULL,'1975-08-25 01:38:45','Vel eius aliquid dolorem veniam qui. Beatae et beatae autem quo deleniti maiores velit. Voluptatem ut molestiae impedit magnam aliquid qui voluptas. Et nulla eligendi eveniet sit aut blanditiis.'),(44,NULL,'1981-08-16 06:24:23','Est aliquid rem ut eos molestiae. Voluptate odit facilis voluptatem facilis qui quod sit. Laborum aut voluptas sunt tempora. Laboriosam accusamus quas earum iusto.'),(45,NULL,'2015-09-10 03:57:18','Aperiam illo amet et sapiente totam distinctio. Ut quos aut enim earum corporis culpa qui. Voluptas ullam quod ut. Quaerat earum sit quisquam similique ut quia perferendis.'),(46,NULL,'2000-06-24 20:14:49','Labore ut minus est et suscipit magni repellendus. Ut rerum quibusdam laborum voluptas earum. Cupiditate iste repellendus et. Aut dolore dolores voluptatem quisquam eos dolore.'),(47,NULL,'1989-12-18 15:54:21','Quia consequatur quia et fuga quis beatae autem quo. Perspiciatis atque et assumenda laudantium. Accusantium repellat illum fuga dolor sed cumque quia.'),(48,NULL,'1978-11-13 08:12:46','Libero ipsa corrupti qui. Officia cum est id autem minus quo minima. Veritatis sequi beatae incidunt saepe officia repellendus quidem.'),(49,NULL,'2011-12-04 06:22:55','Veritatis distinctio sint dolorum qui qui beatae voluptate. Quo aut quo modi praesentium quos sint. Voluptas asperiores id recusandae dolorem vel ut temporibus ea. Omnis ipsum voluptatem ut asperiores error corrupti ut.'),(50,NULL,'1981-07-04 22:16:06','Tenetur quia accusantium nam et. Rerum delectus saepe modi rem.'),(51,NULL,'1989-04-23 17:03:41','Neque laudantium est eligendi omnis quis soluta sed. Molestiae qui aliquam omnis eos voluptas ut facilis. Non qui dolor eum fugit sed est qui modi.'),(52,NULL,'2006-01-27 00:37:08','Et itaque aut perspiciatis asperiores a officiis asperiores molestias. Sit accusantium iste sunt dolore aliquam nisi voluptas. Quaerat est molestiae voluptas voluptas sint similique rerum. Ut iure hic maiores maxime.'),(53,NULL,'2007-02-28 20:30:04','Quasi consequatur consequatur explicabo alias occaecati doloribus omnis. Quo sit error sit quod. Dolorem fuga corporis vero sunt.'),(54,NULL,'2018-01-28 16:39:53','Veniam impedit rerum occaecati nostrum rerum minus. Aliquam et exercitationem ab voluptatum itaque consequatur. Repudiandae rerum atque dolorem dolorem omnis. Perspiciatis tempore adipisci laudantium qui.'),(55,NULL,'2016-06-26 22:10:11','Natus amet voluptatem eum qui. Maiores aliquid perferendis sapiente consequatur nihil atque et. Molestias dolores eius ex rerum veniam laborum voluptas. Deleniti voluptas illo quaerat iure maxime est quos ut.'),(56,NULL,'1992-12-12 22:42:40','Sint mollitia earum soluta et voluptatem sed sint. Aut ut ad non dolor velit rerum. Officiis et ut sequi tempore non voluptatem et. Ut aliquid tempore non laudantium sapiente amet in.'),(57,NULL,'1995-10-12 13:16:10','Voluptatem odit fuga sequi omnis. Consectetur alias libero impedit exercitationem est expedita voluptatum sunt. Nostrum facilis unde ut omnis.'),(58,NULL,'2020-03-03 04:14:05','Rerum quia cupiditate fugiat temporibus minus dolor. Maiores ratione aut optio quos tenetur ut amet. Dicta omnis nihil tempore error. Sit nihil perferendis deleniti distinctio ratione.'),(59,NULL,'2002-06-13 11:15:00','Quas dignissimos perferendis ea dolorem voluptatibus illum alias quos. Aspernatur iure quos nihil necessitatibus optio aut. Velit occaecati rerum mollitia et quasi. Quos corrupti at ut molestiae.'),(60,NULL,'1972-01-12 21:36:42','Blanditiis quaerat animi nisi eum aut laborum. Veniam commodi sed voluptatem beatae. Consequatur sit sint dolor nihil eos facilis.'),(61,NULL,'2005-11-17 21:42:56','Cumque ut veritatis possimus ad aperiam atque quas dolore. Et iure sed nisi et nemo. Et repellendus et illo magnam.'),(62,NULL,'2013-02-16 22:51:18','Qui voluptate alias a vel autem officia. Autem voluptatem corrupti sit quidem ad. Omnis fugit qui culpa sit tenetur esse.'),(63,NULL,'2014-11-15 10:33:41','Impedit ducimus tenetur voluptas et. Quo est aspernatur est aut culpa dolor ducimus. Cum omnis numquam quis. Et reprehenderit autem sunt dicta. Dolore eos nihil rem sint libero autem exercitationem.'),(64,NULL,'2016-03-28 07:39:04','Tenetur at enim dignissimos repudiandae numquam. Ratione reprehenderit mollitia laboriosam voluptas deleniti sint ut quidem.'),(65,NULL,'2002-07-05 08:09:08','Doloremque molestias praesentium ut porro. Error voluptas voluptatem illum iusto autem voluptas. In nostrum eum totam error est ut sit quia. Sit ad minima ut aperiam qui.'),(66,NULL,'1993-01-27 21:37:21','Sit magnam consequatur incidunt corrupti doloremque. Id magni cum aut aut enim atque dicta. Accusantium aspernatur eos est natus nulla ut.'),(67,NULL,'1993-12-19 18:32:16','Sit suscipit quia quis iusto rerum. Quae et eligendi sint aliquam iste et. Debitis ut et molestias veniam. Labore ut excepturi officia omnis iusto est.'),(68,NULL,'1985-02-02 03:52:04','Reprehenderit ipsam rerum cum quo commodi. Error eum et aut minus. Nihil reiciendis placeat fuga odio debitis odit.'),(69,NULL,'2008-11-05 13:28:43','Vitae consequatur magni consectetur exercitationem nemo quia. Aliquam officia dolores similique culpa. Voluptatem in asperiores temporibus minima suscipit. Cumque consequatur magni non id harum laborum qui. Laborum enim autem et.'),(70,NULL,'1988-05-27 03:09:59','Sit non facere beatae quo enim. Occaecati ipsam veniam alias eum neque dolorem.'),(71,NULL,'1981-07-03 18:48:27','Odit ratione qui natus enim blanditiis. Illo consequatur cumque aut. Et ut hic iusto explicabo dolore. Et quo aut necessitatibus.'),(72,NULL,'1987-04-13 13:52:27','Eveniet et est voluptatem nulla et. Laborum nesciunt porro et repudiandae dolores eos eos. Exercitationem mollitia quam voluptatem hic ipsum ullam neque in.'),(73,NULL,'1987-12-26 05:56:25','Quidem quo sint sint pariatur occaecati. Quo qui consequatur dolorum dolores.'),(74,NULL,'2014-11-07 19:44:15','Quidem est ipsa nobis ut sit autem. Sit impedit rerum nulla. Corporis quae aut facere quas sint.'),(75,NULL,'1973-07-16 13:57:28','Distinctio incidunt quis non architecto et odio voluptas ipsa. Exercitationem in praesentium dicta iste eligendi. Iste et neque dignissimos sed aliquam culpa sint.'),(76,NULL,'1970-07-29 18:58:56','Veritatis veniam impedit tenetur. Sint qui neque maxime aut tenetur adipisci qui voluptatem. Est aliquam totam quas eum et eos possimus.'),(77,NULL,'1990-07-29 03:07:47','Omnis quidem possimus autem quia soluta. Facere sint voluptatem molestiae. Fugiat reiciendis nisi harum quaerat corrupti.'),(78,NULL,'2006-04-10 18:05:06','Eligendi corporis aliquid nemo corrupti et. Nihil voluptates tenetur officiis eum. Voluptatem et molestiae porro et. Aut nihil voluptate et ad sapiente ut.'),(79,NULL,'2013-03-26 13:37:59','Tempora voluptatum odio molestias occaecati. Voluptatibus expedita ut debitis ullam earum. Est esse sint et.'),(80,NULL,'1993-09-13 07:12:42','Laboriosam adipisci maxime occaecati. Amet ea asperiores ut. Mollitia consequatur soluta ut impedit culpa hic. Nulla qui ad vitae tempora provident fugit doloribus. Placeat minus doloremque cupiditate est qui cupiditate amet quis.'),(81,NULL,'1997-03-21 16:52:13','Consequatur exercitationem aut sit est. Ipsa tenetur rerum quis aut sit non. Reprehenderit aliquid molestiae id et similique nemo qui ipsum.'),(82,NULL,'1975-03-09 16:32:22','Illo suscipit et aut repellat ducimus in dicta. Nesciunt sunt incidunt ratione pariatur blanditiis et. Hic sit unde praesentium magnam repudiandae repudiandae aliquid.'),(83,NULL,'2017-11-29 23:11:58','Iste enim expedita autem est exercitationem qui dicta. Dolores labore accusamus voluptatem quos. Similique explicabo doloribus nobis nisi odio quae officia omnis.'),(84,NULL,'2019-01-06 17:13:57','Quaerat optio iste exercitationem labore cum nisi praesentium qui. Dolores et mollitia sequi dolorum quae est sunt. Est aut praesentium laboriosam perspiciatis omnis vero.'),(85,NULL,'1983-03-13 05:51:46','Earum vero et saepe qui suscipit. Molestiae eum harum ut autem fugiat est repudiandae. Nihil facere voluptatem mollitia perferendis esse omnis. Corrupti nihil optio magni alias recusandae.'),(86,NULL,'1990-11-21 19:22:57','Eos ducimus ullam eaque quia vitae eum id. Dolor deleniti porro velit veniam ab voluptas. Quis odio exercitationem provident.'),(87,NULL,'1980-09-26 08:07:05','Omnis inventore et qui omnis eos accusantium. Voluptas voluptatum suscipit quo perferendis. Deleniti corporis quos laudantium.'),(88,NULL,'1973-12-22 02:43:26','Voluptas ratione quod vero dolor voluptatibus. Itaque et numquam inventore et et et. Aut nihil est sed.'),(89,NULL,'1989-09-25 16:29:08','Quo nobis quidem rerum beatae corporis dolore. Ullam fuga pariatur nobis et adipisci quod pariatur. Rerum accusamus beatae excepturi sit possimus fuga doloremque. Dolores ullam atque veniam ipsam quod quo blanditiis.'),(90,NULL,'1992-04-30 01:10:59','Suscipit voluptatum sequi itaque eum in modi atque. Aliquid quos consequatur quibusdam sit. Odit voluptas est necessitatibus sed minima ut tempore. Consequatur repellat voluptatem natus enim dolore mollitia vero est.'),(91,NULL,'1985-09-18 20:22:01','Recusandae ipsa ut officia quas aperiam. Odit officia hic voluptates quas qui voluptas sit.'),(92,NULL,'1988-01-18 19:43:50','Ea commodi ducimus aliquid non perferendis et. Repellat maiores error reiciendis et et placeat distinctio. Distinctio maiores totam ea et voluptatem. Laboriosam doloribus rerum ut sit incidunt.'),(93,NULL,'2021-05-27 01:10:49','Aut corrupti sed inventore assumenda ut. Repellendus eveniet cum voluptas eaque sed. Assumenda commodi est a. Inventore ullam qui neque.'),(94,NULL,'1972-11-28 02:25:06','Veniam aut ex ipsum enim autem. Recusandae voluptatem culpa sequi consequatur commodi voluptatem tempore eum. Adipisci ex dolor deleniti quas. Eligendi quae et magni non adipisci.'),(95,NULL,'1987-08-17 06:52:10','Quo in minima officia eos omnis eum. Corrupti qui qui enim impedit sit necessitatibus velit. Explicabo fugit aut ullam beatae sed. Quam maiores expedita aliquam laboriosam ea aliquam.'),(96,NULL,'2013-06-23 12:08:03','Illo occaecati in laboriosam odio exercitationem autem in omnis. Maxime sapiente consectetur iusto architecto maxime occaecati facilis. Incidunt fuga expedita iste dicta deserunt.'),(97,NULL,'1997-01-19 01:57:45','Nam debitis aut molestiae tempore sequi expedita. Officia laudantium eos tenetur ducimus repellat ratione. Omnis non adipisci voluptatem est neque. Eos qui sunt nisi ut sint nam quasi.'),(98,NULL,'2004-09-25 04:46:44','Enim placeat laborum nesciunt quae id atque similique in. Esse omnis natus nisi qui vero pariatur. Fuga minus quam error ipsam eos fugit. Qui facere voluptatem dolorem excepturi cupiditate aliquam.'),(99,NULL,'1978-03-31 10:31:12','Quod ratione aperiam beatae maiores labore esse. Voluptatem eius impedit numquam quis eligendi similique eos perspiciatis. Eos adipisci praesentium alias a molestiae atque.'),(100,NULL,'2015-04-14 18:47:41','Placeat rerum dolor temporibus quam neque inventore voluptatem molestiae. Quasi quis et voluptatem et culpa animi eligendi. Aliquid qui et deserunt dolores.');
/*!40000 ALTER TABLE `notifications` ENABLE KEYS */;
UNLOCK TABLES;

--
-- Table structure for table `profile`
--

DROP TABLE IF EXISTS `profile`;
/*!40101 SET @saved_cs_client     = @@character_set_client */;
/*!50503 SET character_set_client = utf8mb4 */;
CREATE TABLE `profile` (
  `id` int unsigned NOT NULL AUTO_INCREMENT COMMENT 'Идентификатор строки',
  `user_id` int unsigned NOT NULL COMMENT 'Ссылка на пользователя',
  `first_name` varchar(100) NOT NULL COMMENT 'Имя пользователя',
  `last_name` varchar(100) NOT NULL COMMENT 'Фамилия пользователя',
  `birth_date` date DEFAULT NULL COMMENT 'Дата рождения',
  `country_id` int unsigned NOT NULL COMMENT 'Страна проживания',
  `status` enum('ONLINE','OFFLINE','INACTIVE') DEFAULT NULL COMMENT 'Текущий статус',
  `created_at` datetime DEFAULT CURRENT_TIMESTAMP,
  `updated_at` datetime DEFAULT CURRENT_TIMESTAMP ON UPDATE CURRENT_TIMESTAMP,
  PRIMARY KEY (`id`),
  UNIQUE KEY `user_id` (`user_id`),
  KEY `country_id` (`country_id`),
  CONSTRAINT `profile_ibfk_1` FOREIGN KEY (`user_id`) REFERENCES `users` (`id`),
  CONSTRAINT `profile_ibfk_2` FOREIGN KEY (`country_id`) REFERENCES `countries` (`id`)
) ENGINE=InnoDB AUTO_INCREMENT=101 DEFAULT CHARSET=utf8mb4 COLLATE=utf8mb4_0900_ai_ci COMMENT='Таблица профилей пользователей';
/*!40101 SET character_set_client = @saved_cs_client */;

--
-- Dumping data for table `profile`
--

LOCK TABLES `profile` WRITE;
/*!40000 ALTER TABLE `profile` DISABLE KEYS */;
INSERT INTO `profile` VALUES (1,1,'Marion','Harvey','1973-09-18',17,'ONLINE','2009-03-27 01:33:18','1975-06-30 16:00:54'),(2,2,'George','Schmidt','2003-05-20',21,'OFFLINE','2015-04-16 15:04:44','1982-12-24 04:47:30'),(3,3,'Anabelle','Feeney','1975-12-21',22,'OFFLINE','2016-06-12 11:20:39','1985-03-28 07:12:32'),(4,4,'Etha','Bogan','2006-03-13',28,'OFFLINE','1976-01-08 21:15:22','2004-05-27 20:17:09'),(5,5,'Lisette','Toy','1981-10-26',33,'OFFLINE','1976-04-03 23:30:34','1989-04-25 14:38:19'),(6,6,'Isidro','Hegmann','2009-12-12',53,'OFFLINE','1978-08-22 08:00:15','2005-04-18 04:15:21'),(7,7,'Eric','Johns','1979-06-29',63,'OFFLINE','1983-09-29 11:07:26','2003-07-01 17:56:19'),(8,8,'Denis','Homenick','1996-06-15',76,'OFFLINE','1991-09-26 21:46:30','1977-07-12 10:41:07'),(9,9,'Emmanuelle','Durgan','1977-09-06',82,'OFFLINE','1981-04-24 14:50:12','2005-07-01 00:18:42'),(10,10,'Ena','Bins','1970-11-20',140,'ONLINE','1981-05-12 09:28:01','2009-08-08 22:02:28'),(11,11,'Jeffrey','Wyman','1984-10-26',156,'ONLINE','1982-05-23 19:31:08','2004-03-14 20:01:30'),(12,12,'Dorian','Marvin','2001-05-04',175,'INACTIVE','2017-10-15 08:10:06','2020-06-20 05:55:39'),(13,13,'Nels','Runte','1982-06-21',179,'OFFLINE','2015-01-13 01:46:52','2000-11-11 12:53:23'),(14,14,'Trinity','Mueller','2008-03-21',181,'INACTIVE','1985-06-17 08:24:52','1984-12-30 20:24:15'),(15,15,'Levi','Mohr','2004-04-27',182,'INACTIVE','2011-07-18 02:54:21','2013-09-18 09:33:22'),(16,16,'Carole','Pagac','1970-06-30',211,'INACTIVE','1986-02-19 18:00:09','1989-08-12 16:27:12'),(17,17,'Henri','Botsford','1981-11-30',220,'OFFLINE','1980-02-06 16:01:07','1979-06-10 13:55:28'),(18,18,'Francis','Wintheiser','2014-09-11',246,'INACTIVE','1973-10-03 07:21:58','2001-03-03 01:04:27'),(19,19,'Marianna','Rolfson','2003-07-11',258,'OFFLINE','2021-04-19 10:27:44','1982-07-24 19:41:20'),(20,20,'Genoveva','Durgan','1998-03-27',260,'ONLINE','2012-07-12 21:35:41','1981-04-07 19:43:30'),(21,21,'Adrian','Goldner','1978-11-16',278,'INACTIVE','1998-08-03 14:02:30','1978-12-12 20:46:44'),(22,22,'Alvah','Daniel','2014-12-21',302,'ONLINE','2001-03-18 14:35:25','1977-04-15 03:52:04'),(23,23,'Logan','Cruickshank','2012-06-30',313,'OFFLINE','1972-05-05 21:48:24','1988-09-29 01:20:16'),(24,24,'Loyce','Rohan','1979-03-12',316,'OFFLINE','1983-11-14 11:50:41','1978-05-16 14:39:04'),(25,25,'Gage','Turner','2009-04-24',358,'INACTIVE','1971-01-31 18:08:11','2005-08-30 23:17:08'),(26,26,'Orlo','Witting','1997-12-04',425,'INACTIVE','2012-12-11 02:26:17','1987-06-18 05:48:58'),(27,27,'Bonita','Harvey','1981-04-19',429,'INACTIVE','2021-07-10 02:44:59','1978-09-05 12:49:38'),(28,28,'Eli','Pfeffer','1977-09-27',432,'ONLINE','1994-05-08 04:25:44','1977-05-29 14:01:30'),(29,29,'Murphy','Spinka','2001-11-01',484,'ONLINE','1995-03-14 06:35:31','1996-01-07 08:04:06'),(30,30,'Jaden','Ryan','2003-11-22',487,'OFFLINE','2003-07-14 05:52:32','2005-06-21 11:24:45'),(31,31,'Leilani','Reynolds','2019-04-18',511,'INACTIVE','2010-07-29 13:25:38','1999-04-15 06:28:57'),(32,32,'Mae','Hand','1971-03-05',512,'OFFLINE','1983-09-03 00:23:24','1997-02-09 05:38:11'),(33,33,'Elenora','Jast','2010-04-07',542,'OFFLINE','1986-04-20 05:51:52','2011-10-07 01:15:28'),(34,34,'Orville','Ratke','1996-01-12',544,'INACTIVE','2008-10-26 15:17:35','2000-08-08 23:40:05'),(35,35,'Torrance','Satterfield','1977-02-17',567,'ONLINE','1978-11-16 19:33:15','2019-02-27 02:44:05'),(36,36,'Tatum','Klocko','2004-09-30',622,'INACTIVE','1993-10-16 15:06:55','1996-07-13 10:42:55'),(37,37,'Eloy','Runolfsdottir','2018-12-22',628,'INACTIVE','1972-02-20 08:32:18','2014-08-27 13:43:37'),(38,38,'Aliya','Ankunding','1971-04-18',629,'OFFLINE','1974-09-21 18:31:32','2001-10-02 10:43:17'),(39,39,'Norberto','Gleichner','2006-04-26',647,'ONLINE','2003-10-30 05:21:33','1991-10-17 17:15:09'),(40,40,'Esmeralda','Goodwin','1993-06-08',684,'OFFLINE','2001-01-05 14:25:34','1980-10-17 02:37:53'),(41,41,'Eden','Emmerich','1973-11-21',685,'OFFLINE','2010-01-05 18:09:14','1986-09-21 16:22:25'),(42,42,'Helena','Schinner','1970-02-13',693,'INACTIVE','1987-05-17 22:24:44','2004-12-22 04:41:52'),(43,43,'Nathen','Hintz','2019-06-16',699,'ONLINE','1976-06-26 09:23:03','2018-11-24 09:13:19'),(44,44,'Kirsten','Crooks','2020-10-28',704,'OFFLINE','2018-10-30 19:31:00','2015-09-17 22:38:55'),(45,45,'Norwood','Mante','1993-05-10',712,'ONLINE','1975-07-08 06:44:12','1987-02-09 21:56:59'),(46,46,'Ozella','Murray','1985-12-15',721,'INACTIVE','1980-10-06 12:58:16','2005-04-11 12:22:33'),(47,47,'Dulce','Homenick','2002-10-20',762,'ONLINE','2010-10-13 15:22:25','1989-08-27 23:47:11'),(48,48,'Liza','Sauer','2007-04-25',764,'OFFLINE','2017-02-22 10:44:58','1988-06-10 16:59:59'),(49,49,'Jeffery','Spinka','1983-07-10',767,'INACTIVE','1994-11-06 08:16:52','2007-11-14 08:33:19'),(50,50,'Jalon','Koepp','2018-01-20',787,'ONLINE','2015-07-05 00:23:54','1987-03-06 09:22:04'),(51,51,'Jana','Bergstrom','2000-11-22',815,'INACTIVE','2018-09-17 12:06:00','2001-10-22 21:08:38'),(52,52,'Melody','Rutherford','2021-03-17',818,'OFFLINE','1983-01-31 12:21:14','1976-06-02 18:57:15'),(53,53,'Daphney','Cummerata','1981-02-06',820,'OFFLINE','2021-06-05 09:35:56','1976-05-03 19:45:45'),(54,54,'Jeanette','Baumbach','2002-06-21',823,'INACTIVE','1991-11-23 00:15:58','1994-05-27 20:13:57'),(55,55,'Aniya','Koch','1981-08-31',827,'OFFLINE','2010-09-15 22:15:53','1995-10-24 11:38:53'),(56,56,'Nicola','Cormier','1972-05-23',869,'ONLINE','1998-03-02 12:52:15','1975-09-01 14:21:57'),(57,57,'Julius','Gleason','1993-01-29',874,'INACTIVE','1970-05-11 17:56:27','1992-05-28 05:32:25'),(58,58,'Cole','Schaefer','2014-05-12',883,'ONLINE','1988-06-27 00:15:16','1982-12-07 17:59:34'),(59,59,'Juvenal','Luettgen','1977-03-09',893,'ONLINE','2005-02-01 02:24:03','1994-04-06 16:03:35'),(60,60,'Norberto','Nitzsche','2013-09-21',916,'INACTIVE','1996-08-16 12:56:36','1998-08-02 04:28:27'),(61,61,'Darien','Koelpin','1972-11-13',931,'INACTIVE','2018-05-14 07:58:15','1972-08-07 08:07:09'),(62,62,'Garrison','Baumbach','2002-01-04',935,'ONLINE','2015-02-24 20:04:15','1973-07-28 11:48:38'),(63,63,'Gideon','Collier','2002-11-05',943,'ONLINE','1995-10-16 06:57:57','1995-12-25 23:53:58'),(64,64,'Eladio','Leannon','1972-10-18',945,'INACTIVE','1999-07-18 08:08:38','1998-03-28 08:39:09'),(65,65,'Alanna','Hilll','1984-06-21',951,'INACTIVE','2003-07-23 11:01:17','1995-08-31 22:39:33'),(66,66,'Nyah','McDermott','2004-01-13',952,'ONLINE','1993-09-23 09:45:22','2008-02-16 21:43:14'),(67,67,'Domenica','Witting','1990-01-14',955,'ONLINE','1977-02-12 21:20:03','1978-06-10 19:06:17'),(68,68,'Dante','Mueller','2001-04-18',978,'OFFLINE','1991-04-15 14:17:21','1996-06-28 21:17:48'),(69,69,'Jessy','Strosin','1994-04-01',983,'OFFLINE','2010-09-09 06:06:46','1982-12-31 23:03:25'),(70,70,'Vivienne','Sanford','1989-01-08',986,'ONLINE','2000-02-24 18:55:14','1990-07-11 19:18:06'),(71,71,'Isidro','Bogan','1994-12-22',17,'ONLINE','1973-06-19 10:57:44','1991-03-07 10:46:50'),(72,72,'Dane','Altenwerth','2004-06-04',21,'OFFLINE','2013-07-06 10:13:47','2008-07-12 04:49:25'),(73,73,'Kaycee','Schinner','2016-08-12',22,'ONLINE','2014-01-28 23:29:15','1975-03-03 04:33:25'),(74,74,'Lucile','Streich','1971-02-07',28,'OFFLINE','1998-12-25 04:33:45','1981-07-20 09:38:06'),(75,75,'Robb','Oberbrunner','2000-05-22',33,'INACTIVE','2011-10-31 03:11:32','2004-12-10 15:09:13'),(76,76,'Arlie','Stanton','1973-04-17',53,'OFFLINE','1976-06-23 11:15:49','1977-07-26 11:46:46'),(77,77,'Kirstin','Rohan','2014-07-18',63,'INACTIVE','2001-01-28 10:59:36','1981-01-31 03:47:00'),(78,78,'Lilian','Jerde','1974-07-25',76,'INACTIVE','2011-04-23 01:06:10','2000-11-12 16:01:27'),(79,79,'Federico','Collins','2018-05-13',82,'OFFLINE','1996-07-29 16:53:59','1984-11-23 17:48:07'),(80,80,'Sedrick','Jacobi','1971-01-08',140,'OFFLINE','1973-07-01 18:48:44','2000-07-20 08:45:27'),(81,81,'Letitia','Prohaska','2003-06-27',156,'OFFLINE','2013-07-12 16:02:46','2000-07-16 11:59:01'),(82,82,'Kenyon','Hansen','1986-01-22',175,'INACTIVE','2006-11-03 10:03:05','1976-10-14 21:38:59'),(83,83,'Ethel','Langosh','2002-11-28',179,'OFFLINE','1976-05-23 14:29:38','1983-09-28 21:55:21'),(84,84,'Valerie','Pollich','1990-10-19',181,'INACTIVE','1976-11-12 16:28:40','1988-08-29 14:50:02'),(85,85,'Leopold','Batz','2012-05-15',182,'OFFLINE','2021-01-04 02:22:02','1981-03-01 05:05:27'),(86,86,'Vicente','Nolan','1998-10-03',211,'ONLINE','2011-04-02 14:07:25','2012-11-04 04:20:40'),(87,87,'Damaris','Cremin','2002-12-19',220,'ONLINE','1998-09-11 05:27:34','2018-11-04 15:26:22'),(88,88,'Tate','Bashirian','2021-01-08',246,'ONLINE','1983-02-22 07:10:02','1983-10-10 17:51:23'),(89,89,'Magdalen','Lowe','1986-02-18',258,'INACTIVE','2003-07-27 14:14:46','1977-08-09 13:16:45'),(90,90,'Anabelle','Kuhlman','1990-06-04',260,'INACTIVE','2007-01-20 17:43:01','1979-02-11 19:44:18'),(91,91,'Charlotte','Kreiger','1977-09-17',278,'INACTIVE','2006-06-24 23:37:37','2018-11-09 17:23:46'),(92,92,'Joanny','Carroll','1970-01-19',302,'OFFLINE','2005-08-27 03:17:09','1990-08-24 21:04:50'),(93,93,'Tabitha','Mosciski','2020-11-25',313,'ONLINE','1987-07-07 06:44:51','1982-12-10 09:24:06'),(94,94,'Clement','Marvin','2003-09-05',316,'INACTIVE','1981-04-18 02:28:50','2011-01-08 12:43:44'),(95,95,'Madisyn','McClure','1970-01-04',358,'OFFLINE','1980-05-28 05:12:49','2016-09-25 20:33:08'),(96,96,'Jaylen','Volkman','1978-07-06',425,'INACTIVE','1987-08-20 22:01:56','2016-09-27 16:55:27'),(97,97,'Amelie','Gulgowski','1992-05-12',429,'OFFLINE','1988-11-22 19:37:02','2020-06-13 14:41:05'),(98,98,'Seamus','McClure','2020-03-27',432,'ONLINE','2020-09-20 15:41:01','2007-03-12 13:24:41'),(99,99,'Clementina','Spinka','2008-09-19',484,'INACTIVE','1973-03-15 23:49:44','2020-04-15 19:33:02'),(100,100,'Boyd','Cruickshank','1992-07-16',487,'INACTIVE','2008-10-12 18:18:37','2008-09-06 20:35:48');
/*!40000 ALTER TABLE `profile` ENABLE KEYS */;
UNLOCK TABLES;

--
-- Table structure for table `rating`
--

DROP TABLE IF EXISTS `rating`;
/*!40101 SET @saved_cs_client     = @@character_set_client */;
/*!50503 SET character_set_client = utf8mb4 */;
CREATE TABLE `rating` (
  `id` int unsigned NOT NULL AUTO_INCREMENT,
  `movies_id` int unsigned DEFAULT NULL,
  `user_id` int unsigned DEFAULT NULL,
  `rating` tinyint unsigned NOT NULL DEFAULT '0',
  `created_at` timestamp NULL DEFAULT CURRENT_TIMESTAMP,
  `updated_at` timestamp NULL DEFAULT CURRENT_TIMESTAMP,
  PRIMARY KEY (`id`),
  KEY `movies_id` (`movies_id`),
  KEY `user_id` (`user_id`),
  CONSTRAINT `rating_ibfk_1` FOREIGN KEY (`movies_id`) REFERENCES `movies` (`id`),
  CONSTRAINT `rating_ibfk_2` FOREIGN KEY (`user_id`) REFERENCES `users` (`id`)
) ENGINE=InnoDB AUTO_INCREMENT=101 DEFAULT CHARSET=utf8mb4 COLLATE=utf8mb4_0900_ai_ci COMMENT='Таблица рейтинга';
/*!40101 SET character_set_client = @saved_cs_client */;

--
-- Dumping data for table `rating`
--

LOCK TABLES `rating` WRITE;
/*!40000 ALTER TABLE `rating` DISABLE KEYS */;
INSERT INTO `rating` VALUES (1,1,1,0,'1975-03-22 13:16:05','2004-08-07 19:21:57'),(2,2,2,255,'2001-05-13 08:15:58','1988-10-04 06:35:56'),(3,3,3,6,'1999-04-19 04:38:19','2018-01-25 06:26:25'),(4,4,4,255,'2000-07-04 02:15:43','2018-11-28 18:29:10'),(5,5,5,0,'1984-04-29 01:10:52','1982-11-03 04:09:38'),(6,6,6,255,'2014-06-19 21:18:52','1982-01-29 05:32:07'),(7,7,7,255,'2000-05-09 12:43:08','1993-06-22 14:14:29'),(8,8,8,255,'2011-06-11 20:46:28','2005-06-26 02:34:15'),(9,9,9,255,'2010-03-02 05:20:03','1974-02-05 21:44:12'),(10,10,10,255,'1971-08-24 08:01:56','2009-02-24 16:26:03'),(11,11,11,255,'1975-04-17 12:45:38','1991-02-04 09:21:38'),(12,12,12,255,'1970-04-26 02:17:49','1975-05-09 02:45:35'),(13,13,13,255,'1974-05-22 19:54:00','1985-01-01 17:10:03'),(14,14,14,255,'2018-11-15 20:21:07','1998-09-28 12:53:36'),(15,15,15,36,'1991-07-30 20:10:41','2016-02-08 05:34:22'),(16,16,16,255,'1997-07-24 12:36:43','2021-06-21 18:42:34'),(17,17,17,255,'2021-06-10 12:52:20','2020-04-18 18:52:03'),(18,18,18,255,'1983-09-10 02:54:46','1983-04-06 00:21:08'),(19,19,19,255,'2017-02-11 08:28:15','2012-03-11 02:48:28'),(20,20,20,0,'1999-02-08 20:00:55','2009-09-16 08:31:19'),(21,21,21,50,'2006-12-28 23:18:49','2005-02-03 11:19:03'),(22,22,22,255,'1996-11-06 21:26:07','2002-11-15 02:48:43'),(23,23,23,255,'2008-06-19 14:54:26','2005-05-13 08:08:57'),(24,24,24,255,'1995-01-23 12:12:57','1981-02-17 10:23:13'),(25,25,25,255,'1974-11-10 00:16:33','2002-02-02 18:57:23'),(26,26,26,144,'2012-06-01 14:50:08','1985-07-06 22:34:01'),(27,27,27,255,'2012-06-02 16:28:32','1988-02-25 16:05:42'),(28,28,28,255,'2010-04-25 10:44:24','1973-05-17 06:16:27'),(29,29,29,255,'2006-03-07 03:28:55','1987-08-02 03:37:11'),(30,30,30,255,'2004-07-05 10:46:58','1988-10-14 19:48:08'),(31,31,31,255,'2013-07-07 18:58:04','2006-04-22 17:16:55'),(32,32,32,255,'1998-07-30 14:44:43','2002-12-05 03:30:36'),(33,33,33,4,'2015-06-19 00:27:30','1978-04-03 03:19:40'),(34,34,34,255,'1995-04-24 13:07:37','1994-10-17 21:27:05'),(35,35,35,255,'2008-02-27 08:58:28','1997-06-27 07:29:00'),(36,36,36,51,'1978-08-11 06:49:12','1991-10-25 21:54:27'),(37,37,37,255,'2004-03-18 14:54:26','1978-11-01 02:17:04'),(38,38,38,255,'1973-04-06 10:40:43','1971-05-12 10:22:51'),(39,39,39,255,'2018-07-06 20:43:11','2005-07-18 23:24:26'),(40,40,40,4,'2012-04-16 14:52:16','2011-02-12 05:12:29'),(41,41,41,255,'2011-02-19 02:32:20','2013-08-02 09:51:19'),(42,42,42,255,'1986-05-09 22:42:03','2000-11-04 21:07:35'),(43,43,43,255,'1988-04-01 22:26:55','2009-05-24 03:18:20'),(44,44,44,167,'1975-11-04 00:17:39','1998-07-25 06:29:40'),(45,45,45,34,'1995-12-30 11:18:43','1983-04-05 20:44:47'),(46,46,46,255,'1990-10-10 11:56:51','1995-02-03 12:25:58'),(47,47,47,0,'2013-10-31 07:21:22','2008-07-25 15:40:51'),(48,48,48,255,'1990-10-08 19:53:55','1977-09-20 03:59:36'),(49,49,49,255,'2000-07-18 00:22:13','1989-06-14 17:23:20'),(50,50,50,255,'2009-12-15 03:01:14','2008-06-25 03:29:48'),(51,51,51,255,'1970-04-08 20:22:38','1982-04-23 06:25:14'),(52,52,52,255,'1979-11-13 10:23:10','1979-08-13 21:58:50'),(53,53,53,255,'1996-07-12 03:17:34','1987-10-28 13:21:35'),(54,54,54,255,'2003-08-30 17:25:13','1996-11-22 07:02:07'),(55,55,55,255,'2009-08-16 20:57:40','1985-04-23 19:24:10'),(56,56,56,255,'2005-08-12 22:16:15','1970-11-25 09:04:25'),(57,57,57,9,'1979-09-23 06:30:20','1973-10-30 11:14:07'),(58,58,58,255,'2010-02-13 19:40:38','2020-02-06 07:50:30'),(59,59,59,255,'2014-05-11 13:02:39','2001-01-02 19:08:22'),(60,60,60,0,'1975-09-18 10:15:47','1971-08-26 05:41:35'),(61,61,61,255,'1984-01-26 23:58:59','1992-05-30 11:53:22'),(62,62,62,255,'2016-01-31 22:05:26','1989-11-04 21:10:21'),(63,63,63,255,'1986-12-02 02:40:02','2007-08-13 06:44:28'),(64,64,64,0,'1974-07-29 19:52:33','2020-07-10 23:41:51'),(65,65,65,255,'2004-11-15 01:32:55','1971-09-20 07:38:30'),(66,66,66,255,'2013-08-12 06:55:38','1994-10-26 21:30:53'),(67,67,67,255,'1980-06-21 07:25:23','2016-09-17 09:47:13'),(68,68,68,73,'1982-01-16 06:40:24','1991-06-09 10:34:03'),(69,69,69,4,'2016-11-05 11:29:14','2005-02-17 11:30:13'),(70,70,70,39,'2012-06-15 05:22:56','1986-05-13 15:38:48'),(71,71,71,255,'1979-08-13 11:07:34','1972-08-24 22:46:06'),(72,72,72,7,'1997-08-24 15:26:45','2004-11-13 20:18:25'),(73,73,73,0,'1994-11-02 03:32:14','2021-06-06 20:57:04'),(74,74,74,255,'1996-09-14 02:33:19','1982-02-04 18:48:10'),(75,75,75,255,'2015-01-11 18:23:04','2010-04-10 12:09:49'),(76,76,76,255,'1983-06-28 02:49:26','2001-03-16 23:03:58'),(77,77,77,0,'1984-07-29 20:18:27','2010-09-14 08:18:40'),(78,78,78,255,'1994-03-31 18:06:07','1982-10-15 14:16:49'),(79,79,79,255,'1981-06-06 10:26:09','1978-12-24 16:05:40'),(80,80,80,26,'2007-05-31 00:18:10','1975-11-24 11:48:30'),(81,81,81,0,'2008-07-01 11:54:34','2015-02-07 05:46:44'),(82,82,82,255,'1990-10-18 19:12:42','1996-06-16 11:45:59'),(83,83,83,255,'2017-04-26 10:56:29','2018-06-18 08:13:58'),(84,84,84,255,'1976-09-18 02:30:01','1976-02-21 20:53:52'),(85,85,85,255,'2004-01-21 15:04:12','1987-05-18 18:48:36'),(86,86,86,14,'2017-01-21 14:36:38','1998-03-23 15:35:10'),(87,87,87,255,'2018-04-02 10:37:15','2002-07-20 09:13:59'),(88,88,88,255,'1978-07-19 11:31:30','2012-11-09 05:00:32'),(89,89,89,255,'1978-07-21 13:32:58','1998-09-12 15:38:29'),(90,90,90,255,'1973-09-15 08:53:32','2021-06-01 13:38:53'),(91,91,91,255,'2018-06-18 02:50:59','1986-12-13 11:21:54'),(92,92,92,5,'2014-04-06 14:18:36','1990-06-29 10:58:58'),(93,93,93,97,'1995-09-04 13:55:59','2000-07-16 21:15:10'),(94,94,94,2,'1979-04-08 15:26:04','2008-10-07 10:14:07'),(95,95,95,255,'1976-01-15 05:10:06','2002-09-26 15:10:37'),(96,96,96,59,'1987-02-24 12:22:40','1971-06-26 22:13:27'),(97,97,97,255,'1989-04-29 09:17:26','2016-10-01 05:30:36'),(98,98,98,255,'1976-09-19 07:50:32','1983-06-28 10:09:30'),(99,99,99,255,'2002-03-17 16:43:32','1972-03-14 04:14:06'),(100,100,100,67,'1995-08-11 15:17:01','2009-10-22 22:07:30');
/*!40000 ALTER TABLE `rating` ENABLE KEYS */;
UNLOCK TABLES;

--
-- Table structure for table `reviews`
--

DROP TABLE IF EXISTS `reviews`;
/*!40101 SET @saved_cs_client     = @@character_set_client */;
/*!50503 SET character_set_client = utf8mb4 */;
CREATE TABLE `reviews` (
  `id` int unsigned NOT NULL AUTO_INCREMENT,
  `movies_id` int unsigned DEFAULT NULL,
  `user_id` int unsigned DEFAULT NULL,
  `body` varchar(500) DEFAULT NULL,
  `is_positive` int DEFAULT '1',
  `created_at` timestamp NULL DEFAULT CURRENT_TIMESTAMP,
  PRIMARY KEY (`id`),
  KEY `movies_id` (`movies_id`),
  KEY `user_id` (`user_id`),
  CONSTRAINT `reviews_ibfk_1` FOREIGN KEY (`movies_id`) REFERENCES `movies` (`id`),
  CONSTRAINT `reviews_ibfk_2` FOREIGN KEY (`user_id`) REFERENCES `users` (`id`)
) ENGINE=InnoDB AUTO_INCREMENT=101 DEFAULT CHARSET=utf8mb4 COLLATE=utf8mb4_0900_ai_ci COMMENT='Таблица отзывов';
/*!40101 SET character_set_client = @saved_cs_client */;

--
-- Dumping data for table `reviews`
--

LOCK TABLES `reviews` WRITE;
/*!40000 ALTER TABLE `reviews` DISABLE KEYS */;
INSERT INTO `reviews` VALUES (1,1,1,'Omnis quis rem optio possimus aut. Blanditiis atque repellendus voluptatem debitis quia iusto. Enim earum nesciunt exercitationem similique mollitia minima voluptates repudiandae. Dolorem a voluptas aut temporibus.',1,'1971-10-25 03:58:34'),(2,2,2,'Aliquid voluptatem soluta consectetur et voluptate facilis quod. Esse aut officiis dolorem rerum ipsum fuga. Nobis dolor dolor est tempora enim iusto eius. Debitis esse et illo saepe.',1,'2000-05-28 14:28:29'),(3,3,3,'Sit fugit impedit eligendi omnis repellat. Exercitationem quia velit ut iusto. Sit tempora non nihil ut consequatur sed. Aliquid temporibus minima dolorem dolor quis repudiandae sed.',1,'2005-07-26 03:48:13'),(4,4,4,'Qui autem et et ipsum voluptas inventore beatae. Earum qui quisquam facere. Ullam sapiente dolorum asperiores voluptas sequi aut laudantium accusantium.',1,'1972-05-28 14:08:01'),(5,5,5,'Itaque sunt dicta voluptatem aut. Sit beatae laboriosam ad soluta.',1,'1991-04-17 13:39:20'),(6,6,6,'Laboriosam harum dolor repellendus soluta dolor iusto et. Vel qui vel eos. Tempora laborum quia nobis rem.',1,'2011-06-04 02:17:57'),(7,7,7,'Itaque quaerat enim explicabo perspiciatis. Culpa nihil unde ut rerum architecto necessitatibus explicabo. Est corrupti eligendi nemo numquam qui incidunt explicabo et.',1,'2009-07-12 09:07:16'),(8,8,8,'Dolor quidem ad blanditiis. Quis fuga sed suscipit et iure autem saepe voluptas. Assumenda eligendi incidunt ullam fugit ducimus iste. Possimus dolores ut cupiditate deserunt tenetur.',1,'1972-06-14 17:07:31'),(9,9,9,'Eos aliquam sapiente earum architecto. Qui placeat dolores aut soluta. Distinctio dolores id ea.',1,'1987-06-12 06:01:51'),(10,10,10,'Consequatur et voluptatem laboriosam soluta. Nesciunt eos hic voluptates maiores eligendi voluptatem.',1,'1995-10-29 22:07:18'),(11,11,11,'Animi accusantium voluptatem molestias non velit vero. Qui voluptas nemo dolor officia. Dolore consequatur quisquam qui.',1,'2000-12-18 18:36:42'),(12,12,12,'Et nisi a harum asperiores non vitae. Eveniet minus dolorum eos et laudantium.',1,'1972-06-22 00:47:11'),(13,13,13,'Ea dolore iure voluptatem et ut. Facere deleniti ducimus quae hic est fugiat expedita. Occaecati ea provident aliquam. Rerum sint ipsam modi unde ad laudantium nostrum.',1,'2006-08-09 07:56:24'),(14,14,14,'Consequatur voluptas perspiciatis in temporibus asperiores. Eveniet aspernatur atque esse et. Debitis est voluptatibus eum inventore reprehenderit soluta labore temporibus. Quae error ut distinctio et unde enim distinctio.',1,'1970-09-19 11:43:37'),(15,15,15,'Consequatur voluptatem sit in beatae. Est voluptatibus ut minima autem maiores eum velit consequatur. Iste sint molestiae ut ratione. Dolor vitae necessitatibus harum sit quasi repellendus distinctio eum.',1,'1981-06-29 10:44:51'),(16,16,16,'Autem quidem architecto amet ea velit. Optio magnam architecto qui molestiae dicta tempore non. Ut doloribus sit porro voluptas qui.',1,'2019-12-02 17:19:10'),(17,17,17,'Ipsa aut nemo non aliquid odio quasi nostrum. Non aliquam voluptatem autem ut. Numquam amet in et cupiditate rerum. Voluptatem incidunt commodi aperiam ducimus accusamus ut perferendis.',1,'1996-12-15 13:24:04'),(18,18,18,'Excepturi necessitatibus iusto delectus rem officia error qui. Hic est ut in autem. Officia natus quasi fuga et ad est saepe.',1,'2002-04-13 11:06:32'),(19,19,19,'Saepe sunt tempora quaerat quas ut. Vel laboriosam animi et molestias aut quo beatae. Aperiam est inventore officia. Aliquid voluptatem nemo minima nihil dolorem earum.',1,'2016-03-07 20:07:46'),(20,20,20,'Explicabo modi eum modi tenetur. Veritatis eligendi ex culpa delectus incidunt. In aut debitis est atque sunt beatae. Ea eos exercitationem porro enim atque.',1,'2019-05-21 14:54:57'),(21,21,21,'Suscipit eum hic mollitia itaque quos. Quasi magnam ut aut itaque eum. Amet ipsam dolorum debitis eveniet dolores aut ipsa. Nihil ut quia aut voluptatem. Sapiente debitis dolores consectetur rerum expedita optio.',1,'1989-04-19 03:17:12'),(22,22,22,'Rerum veritatis dolorum ipsa quaerat. Voluptates aspernatur molestiae id dolores labore iusto est. Iure ducimus sit dolorem est ad. Quasi repudiandae aut repellat recusandae dolore.',1,'1983-09-17 00:20:22'),(23,23,23,'Deleniti eum dolores fugit quisquam ipsa. Dicta qui quidem est id. Totam aperiam vel nulla qui.',1,'1983-05-22 14:01:19'),(24,24,24,'Exercitationem accusantium et maxime perspiciatis tempore. Nam eos ullam facilis consectetur sunt non. Quo nostrum fuga quis libero perferendis natus sit error. Natus quasi minima velit necessitatibus eius architecto.',1,'1995-03-08 00:21:45'),(25,25,25,'Magnam et error laudantium exercitationem vitae ut. Corporis voluptatem eos veniam itaque repudiandae. Sit et perspiciatis molestiae est itaque debitis.',1,'1994-05-12 16:15:10'),(26,26,26,'Eius cumque error autem aut. Odit rerum accusamus cum quasi. Eos deleniti enim cumque aut ipsa aut.',1,'1978-09-29 09:06:19'),(27,27,27,'Est voluptatem omnis suscipit quae id ipsum distinctio. Nam distinctio atque molestiae excepturi. Voluptas ut sunt repudiandae molestiae atque.',1,'1983-04-04 18:41:33'),(28,28,28,'Vel assumenda laborum doloremque dignissimos voluptatum. Numquam sed culpa omnis nobis. Voluptas et adipisci fugit similique rerum esse.',1,'1996-10-18 16:07:49'),(29,29,29,'Est odio aspernatur nam sed eum dolore nam. Veniam repellendus animi numquam facilis occaecati recusandae neque minus. Rem aut rerum ducimus.',1,'1986-10-11 19:13:06'),(30,30,30,'Ea qui mollitia ea dolores placeat dolores. Nesciunt cumque aliquam corporis corrupti eum. Fugit eos et autem rerum totam magnam ut quae.',1,'1977-11-16 08:10:28'),(31,31,31,'Magnam totam ea vero earum ipsum. Sunt doloremque nostrum enim ipsa aspernatur architecto doloremque. Provident aut exercitationem voluptates perspiciatis. Pariatur ullam dicta quisquam eum suscipit.',1,'2012-05-06 11:05:43'),(32,32,32,'Aut veniam distinctio pariatur accusantium necessitatibus sit eligendi error. In hic sed magnam. Neque autem voluptas corporis et autem voluptates. Sit consequatur cum eum et sed ut. Dolorem saepe consequatur similique sit inventore.',1,'2009-02-12 23:16:07'),(33,33,33,'Nobis rerum assumenda libero qui est asperiores est. Aspernatur dolore aperiam quo dolorum animi iusto veniam. Libero id quam voluptatem quaerat corrupti voluptates recusandae. Sunt impedit error vero eius.',1,'1985-06-03 14:51:23'),(34,34,34,'Labore magnam et minima eveniet veniam deserunt. Aperiam odit possimus ut. Architecto officiis perferendis vel esse voluptas natus omnis non.',1,'1975-08-26 11:17:04'),(35,35,35,'Illo ex temporibus vitae qui quo qui. Laboriosam sint et quia dicta velit aperiam consequatur. Qui et illo autem consequatur.',1,'1996-10-17 23:01:34'),(36,36,36,'Alias iste natus voluptatem et rerum. Totam aliquid nulla minima aut. Accusamus iusto sapiente ipsam ipsa exercitationem.',1,'1971-03-10 04:16:20'),(37,37,37,'Quia blanditiis corporis non. Molestiae adipisci maxime praesentium pariatur. Assumenda est reiciendis dolor consequatur est est ipsam illo.',1,'1979-04-07 23:55:34'),(38,38,38,'Ab consequatur et corporis voluptatem vitae quos. Consectetur velit est reprehenderit repellat. Autem porro accusamus omnis quia rerum porro enim. At dolor sunt enim praesentium. A dignissimos nulla ut commodi vel earum.',1,'2010-04-01 04:18:52'),(39,39,39,'Totam veniam illum culpa error. Et rerum saepe temporibus. Vitae inventore perspiciatis suscipit dolor sed sit. Sed mollitia reiciendis iure tempora dolor est.',1,'1987-09-01 05:47:37'),(40,40,40,'Sit quidem quam odit. Error et optio quaerat quasi eum et molestias. Minima soluta sunt dolore nostrum eaque delectus harum suscipit.',1,'1985-02-06 02:11:13'),(41,41,41,'Enim numquam sequi et voluptatem similique impedit sit. Nesciunt alias commodi et. Repellendus minus est voluptatem aut. Placeat velit quia maiores dolores nisi consequatur.',1,'2009-11-07 19:47:44'),(42,42,42,'Amet iure aut asperiores non. Explicabo repellendus voluptas omnis ut quidem id vero.',1,'2009-03-21 16:10:09'),(43,43,43,'Qui nesciunt ea dolorem aliquam. Minima aut beatae repellendus officia rerum et et. Eveniet temporibus vel ipsa ea eos voluptas quia animi.',1,'1970-10-01 19:43:41'),(44,44,44,'Hic aut reprehenderit magni est. Harum sit amet quisquam dolores sed dolore magnam. Odio nobis enim ipsam dolorem. Recusandae hic ipsum et. Voluptatem recusandae dolores rerum fugiat placeat.',1,'1992-11-01 19:42:12'),(45,45,45,'Similique repellendus animi iste fugit sit. Alias iste dicta quisquam laudantium optio. Voluptas eum et architecto et minus facilis. Ut beatae unde quasi reiciendis aspernatur a.',1,'2021-06-19 20:34:44'),(46,46,46,'Impedit molestiae possimus quae voluptatem nihil saepe et. Quia dolor molestiae iste illo. Quas et repellendus fuga doloribus cupiditate quas unde. Doloribus id rerum mollitia voluptate dolores.',1,'1993-05-12 17:08:35'),(47,47,47,'Voluptatem ut sit explicabo nulla. Occaecati iusto ut voluptatem nemo excepturi doloribus quod.',1,'1997-06-18 15:00:39'),(48,48,48,'Tempora soluta ducimus aliquid corporis qui et aliquid. Blanditiis culpa adipisci ratione dolorem eum aliquam nisi. Est non quia nisi. Ut tenetur pariatur temporibus. Qui sit voluptatem ut cumque ex fugiat voluptates.',1,'2011-12-23 20:29:32'),(49,49,49,'Sed iste quisquam tenetur ut. Beatae omnis laboriosam consectetur aliquid vero ut. Voluptatem sint officia qui facilis optio perferendis est.',1,'2012-06-02 03:58:05'),(50,50,50,'Officiis et adipisci et fuga occaecati. Et voluptas repudiandae amet aspernatur expedita. Non aperiam voluptatem excepturi quibusdam in. Blanditiis possimus explicabo aut et libero dolorem id accusantium.',1,'2004-01-25 12:07:44'),(51,51,51,'Facere molestiae quod sequi perspiciatis. Eaque voluptate quo unde suscipit nihil voluptas. Corrupti rerum alias cupiditate alias maxime aliquam voluptatum.',1,'1999-01-22 03:05:37'),(52,52,52,'Illum distinctio inventore sed quis quisquam. A repudiandae voluptas harum consequatur animi provident ipsam. Eum impedit facilis sunt est.',1,'1980-12-28 02:22:11'),(53,53,53,'Debitis explicabo in labore hic consequatur itaque ut. Rerum veritatis pariatur tenetur praesentium expedita vel et. Natus eos voluptatem repellendus et.',1,'1970-06-13 03:31:27'),(54,54,54,'Dolorem eos vitae fugit quo consectetur molestiae. In iusto et id quo dolorem tempore. Hic qui earum tempora aut quidem. Debitis et amet dicta aut atque provident aut voluptas.',1,'1972-02-27 02:26:10'),(55,55,55,'Dolorem rerum quo est dolorem. Quia ex harum repellendus quis quibusdam vitae. Alias animi voluptatibus ipsum hic.',1,'1975-01-16 17:17:47'),(56,56,56,'Reprehenderit doloribus asperiores omnis a amet culpa sed ducimus. Consequatur quia autem quis excepturi reiciendis. Id optio omnis commodi ratione ducimus sunt iusto eveniet. Hic rem explicabo et reiciendis asperiores beatae fuga.',1,'1998-08-10 07:23:49'),(57,57,57,'Similique quis excepturi enim qui voluptatem cupiditate aut. Iusto quidem ducimus tempora dolorem ut deleniti. Qui similique asperiores consequatur fuga ab est. Adipisci at explicabo quae qui odit expedita.',1,'1974-02-05 07:05:19'),(58,58,58,'Maxime veniam non eum doloremque. Sed consequuntur architecto ea eveniet. Et aut aut cum impedit.',1,'1982-04-05 15:38:55'),(59,59,59,'Mollitia veniam reiciendis velit dolores. Voluptates eius velit aliquid voluptas quia pariatur praesentium. Maiores iusto est pariatur dolor. Et rerum ut ex ut.',1,'1977-03-21 00:12:34'),(60,60,60,'Inventore eaque libero sunt quis omnis impedit ipsum. Dolorem qui nihil esse alias aut aspernatur voluptas. Totam molestias officia eos cumque.',1,'2011-01-21 23:38:52'),(61,61,61,'Quae unde et eius similique vitae placeat. Aliquid voluptas sequi facilis recusandae. Veritatis quas ad velit at et neque. Vitae ullam sint voluptas odio.',1,'1993-04-11 13:19:27'),(62,62,62,'Fugit eveniet nihil perferendis est error est. Qui quia velit quaerat minus.',1,'1983-12-26 18:17:53'),(63,63,63,'Ipsum voluptatem laborum id dolores esse molestias. Ea totam esse aut ut impedit. Deleniti et sed atque illo quam temporibus. Et placeat voluptate temporibus illum esse corrupti consectetur reiciendis.',1,'2013-06-06 18:28:49'),(64,64,64,'Autem nostrum vel fugit fuga vel. Nostrum eos excepturi ipsa quae sed culpa eligendi nam. Iusto vel molestias unde aperiam. Fugiat iure ut nesciunt.',1,'2015-04-29 14:31:58'),(65,65,65,'Praesentium ducimus eos et sit veniam eos soluta. Excepturi et in quibusdam ut aut ab aut. Et aut laboriosam maiores fugit dolores in. Id eum tenetur voluptas commodi tempora corporis.',1,'1988-01-31 19:06:17'),(66,66,66,'Perferendis nostrum nihil vero a vel sequi omnis suscipit. Provident voluptate recusandae praesentium iure architecto omnis recusandae. Est quia adipisci voluptatem in vel ullam.',1,'1989-09-08 19:26:18'),(67,67,67,'Fugit et sed qui. Saepe ad amet vel. Dolorem similique voluptatem occaecati consequatur non fugit omnis. Repudiandae explicabo quam et.',1,'2000-10-12 07:54:47'),(68,68,68,'Quo autem culpa quis ex ut provident enim aut. Quia aut esse accusantium molestiae quia. Sunt corporis quis et reiciendis. Possimus non sint provident delectus dolores aspernatur.',1,'2006-04-10 09:37:14'),(69,69,69,'Vitae a deleniti nostrum facere ut. Qui rerum quibusdam aut. Harum quidem laboriosam maiores fugiat ipsa atque. Dolores voluptatem et perferendis minima magnam. Sint veniam quos enim quas rerum aperiam.',1,'1983-08-01 22:48:56'),(70,70,70,'Vero corporis voluptas voluptates voluptatem consequuntur eveniet. Quia vel assumenda ea velit perspiciatis est veniam porro. Aliquid est repellat voluptatum odio.',1,'2002-04-05 09:26:03'),(71,71,71,'Laboriosam consequuntur enim repudiandae consequuntur. Quibusdam sapiente voluptatem esse quibusdam tempore voluptas nostrum. Est rem ipsum totam repudiandae explicabo. Minus eveniet molestias tempora laboriosam quas maxime omnis.',1,'2007-08-01 12:26:55'),(72,72,72,'Magni dolor id dolor et voluptas. Dolorem magnam illum unde ut. Libero dignissimos omnis aut et corporis et. Assumenda minus et molestiae assumenda perferendis fuga consequatur.',1,'1989-06-12 00:11:20'),(73,73,73,'Veritatis qui ut aliquid ad doloremque rerum illo qui. Praesentium enim et non.',1,'2004-08-02 00:52:04'),(74,74,74,'Iure eos et omnis excepturi id. Nobis ut eos eum aliquam ipsam quia et aut. Aut distinctio repudiandae est assumenda earum at. Iusto ducimus porro maiores et unde voluptatibus tenetur.',1,'1998-10-15 22:26:07'),(75,75,75,'Tempore voluptas est repudiandae rerum. Iusto qui accusamus nobis sed aut. Quo temporibus est qui est est harum numquam. Alias facere enim blanditiis.',1,'1979-09-26 21:53:40'),(76,76,76,'Ad accusantium quia neque non. Repudiandae tempore consequuntur ipsum ullam illum. Possimus debitis esse aut sit. Ut nihil magni cupiditate ut.',1,'2019-07-28 00:58:34'),(77,77,77,'Architecto omnis dolorum minus iusto et. Ipsa excepturi quidem rerum eos fuga. Eum dignissimos repudiandae nihil sint dicta laborum ut officia. Enim accusantium ut asperiores eos.',1,'1974-03-26 13:34:36'),(78,78,78,'Repudiandae est laboriosam laboriosam illo impedit placeat modi. Veniam vel quam et sed quia sint. Quo aut minima enim. Fugiat odit nisi natus qui.',1,'2004-03-11 05:06:14'),(79,79,79,'Quasi sint tenetur dolor magni eum in quam qui. Qui cupiditate et non. Soluta quos illum vel veniam modi.',1,'2003-10-17 08:34:03'),(80,80,80,'Minus eum earum sunt quia cupiditate qui quia. Consequatur ex ratione nihil animi blanditiis. Nisi dolor facere eaque quidem delectus.',1,'2016-08-24 13:19:13'),(81,81,81,'Reiciendis quod magnam repellat ratione fuga quisquam nostrum. Ut quia id eos aut suscipit explicabo distinctio. Dolorem est blanditiis officia soluta.',1,'2017-11-23 06:09:25'),(82,82,82,'Itaque ipsam iure et veritatis consequatur corrupti provident. Harum nihil nesciunt aperiam vel et voluptatem. Voluptatibus atque rerum et et nulla quo et sed. Dolorem accusamus in nihil voluptatibus eaque earum.',1,'1985-08-29 01:57:59'),(83,83,83,'Est tenetur at alias voluptatibus quidem est. Et consectetur a alias aperiam quia laborum odit. Voluptatem enim voluptas id pariatur error odit molestiae. Ut recusandae quas consequatur quis.',1,'1970-02-26 14:13:29'),(84,84,84,'Eveniet itaque qui nam ipsa ipsum dolore. Sequi illum consequatur hic illum qui consequatur. Autem quisquam esse ea nam.',1,'1992-03-04 20:55:33'),(85,85,85,'Maiores blanditiis est sed accusantium et qui sunt. Commodi nihil qui fugit occaecati. Ab molestiae provident omnis ipsa quis repudiandae dolores. Porro at reiciendis sed.',1,'1991-12-12 12:49:17'),(86,86,86,'Quae error voluptatibus ad dolor. Neque quam animi cupiditate autem ut quisquam adipisci voluptas. Earum optio omnis veritatis. Consequatur sint est qui laboriosam.',1,'2000-09-20 18:49:12'),(87,87,87,'Eos quo reiciendis voluptatem architecto temporibus quasi qui. Vel ipsum explicabo cumque aspernatur consequuntur recusandae libero. Doloribus rerum et repudiandae asperiores et maxime odit.',1,'1999-03-05 20:07:05'),(88,88,88,'Et et cumque quibusdam velit ipsum modi aliquam. Ratione cupiditate iste eaque dolores est dignissimos. Consectetur atque nostrum quod consequatur. Aliquam sunt consequatur doloremque consequatur quaerat. Omnis nihil quas dignissimos ullam quas.',1,'1979-10-28 01:33:41'),(89,89,89,'Accusamus rerum ullam voluptates fuga est ad cumque. Provident voluptatem autem aliquid quia.',1,'1980-10-21 19:20:18'),(90,90,90,'Voluptates omnis dolor qui nisi. Ut magnam velit esse exercitationem ut quibusdam in nostrum. Nihil odit excepturi beatae sed et rem et. Laborum sequi nisi id voluptatem pariatur eum corporis.',1,'1971-11-28 06:34:09'),(91,91,91,'Necessitatibus similique dolores laborum libero et autem dolorem et. Ut doloribus maxime fuga dolores earum. Et exercitationem in ab labore. Voluptatibus aut cupiditate aut repellendus architecto beatae.',1,'1999-09-24 12:32:42'),(92,92,92,'Sint quia animi repudiandae autem voluptas et ex soluta. Corporis sapiente voluptates fugiat. Et ratione repellendus temporibus laudantium odit omnis sit. Omnis cumque harum saepe reprehenderit cupiditate molestiae mollitia.',1,'1986-04-21 08:56:26'),(93,93,93,'Laborum illo ipsa harum et ut aut illo. Omnis voluptas nobis soluta deleniti itaque qui deserunt. Perferendis beatae eum laudantium qui qui sit voluptate nemo.',1,'2020-11-11 06:19:37'),(94,94,94,'Omnis omnis voluptatem quia. Provident eaque aut occaecati ab ut illum. Et distinctio porro optio illum est vel.',1,'2003-03-02 00:49:34'),(95,95,95,'Facilis dolores similique excepturi. Autem quo enim quis nam dicta. Aut velit quo quos autem aperiam quia. Fugiat velit expedita voluptates sint sit.',1,'2016-12-27 04:13:00'),(96,96,96,'Omnis vel aut ipsa commodi ut deserunt temporibus veritatis. Nemo corrupti minima aut est aut est expedita. Voluptate beatae aperiam nihil nulla. Nemo voluptatum distinctio tenetur numquam ut sapiente aut.',1,'1980-05-24 18:12:21'),(97,97,97,'Quam aut et non. Doloremque ratione expedita expedita a repellat. Eligendi cum dolores tempora quis veniam aut eveniet.',1,'1976-05-17 13:36:26'),(98,98,98,'Repudiandae quia architecto ut et. Ut quisquam omnis molestiae commodi expedita itaque. Reiciendis ullam praesentium et minus.',1,'1970-07-28 16:15:15'),(99,99,99,'Ut ullam harum accusantium est asperiores sed unde est. Sint ut voluptatem voluptatem excepturi iste a.',1,'1990-03-17 02:00:06'),(100,100,100,'Ut sed dolor aut aliquam veniam recusandae aut. Et voluptates quia corporis dolores animi molestiae. Eos quisquam quasi nisi aut. Non est dolor minus voluptatem quo. Omnis reprehenderit vel natus quod.',1,'1993-11-09 14:45:02');
/*!40000 ALTER TABLE `reviews` ENABLE KEYS */;
UNLOCK TABLES;

--
-- Table structure for table `roles`
--

DROP TABLE IF EXISTS `roles`;
/*!40101 SET @saved_cs_client     = @@character_set_client */;
/*!50503 SET character_set_client = utf8mb4 */;
CREATE TABLE `roles` (
  `id` int unsigned NOT NULL,
  `role` varchar(200) NOT NULL,
  UNIQUE KEY `id` (`id`),
  UNIQUE KEY `role` (`role`)
) ENGINE=InnoDB DEFAULT CHARSET=utf8mb4 COLLATE=utf8mb4_0900_ai_ci COMMENT='Таблица позиции в команде по созданию видеоконтента';
/*!40101 SET character_set_client = @saved_cs_client */;

--
-- Dumping data for table `roles`
--

LOCK TABLES `roles` WRITE;
/*!40000 ALTER TABLE `roles` DISABLE KEYS */;
INSERT INTO `roles` VALUES (639328277,'Ad ipsam assumenda adipisci enim.'),(330808,'Adipisci et eius velit velit.'),(9,'Aut nesciunt harum nesciunt praesentium alias quam vel.'),(64841130,'Aut quaerat enim soluta libero.'),(1475436,'Aut qui est saepe quidem animi.'),(4196,'Aut sit voluptate laudantium in culpa.'),(5196156,'Autem accusamus id explicabo mollitia iusto deleniti laboriosam.'),(305482,'Autem magnam ducimus dolorum non.'),(241,'Autem praesentium harum culpa quibusdam.'),(184405844,'Autem quia consectetur rerum quaerat esse perferendis.'),(4,'Beatae dignissimos sunt id et aut voluptatem ut sint.'),(4447,'Commodi debitis provident temporibus ut consequuntur atque eligendi ut.'),(0,'Consectetur adipisci delectus est ut temporibus sequi.'),(56571769,'Consequuntur aperiam temporibus accusantium minima enim.'),(604942,'Culpa autem quaerat nemo.'),(2,'Culpa et quis minus occaecati voluptas voluptatem vel est.'),(8353779,'Deleniti temporibus est aperiam sed iure eveniet praesentium.'),(650027,'Dicta doloribus distinctio consectetur nisi quae quas maiores in.'),(254,'Dignissimos quis porro praesentium ipsam vero et.'),(31536,'Ea eveniet dolores iusto similique.'),(297,'Ea quaerat est eum sunt sunt.'),(90,'Eaque ipsam nihil et qui aut ut.'),(9852,'Eius nostrum sed eum.'),(89625,'Eligendi hic repellendus sunt quasi deleniti autem et.'),(86,'Esse aliquid minima dolorem aut ut.'),(39995402,'Esse autem rerum cum consequatur laborum odio.'),(981889,'Et dolores quidem sit voluptate.'),(5889,'Et magni consequatur est et quia libero.'),(47,'Et quod sint corporis possimus est ad architecto.'),(5627573,'Et veniam atque aut id.'),(366966,'Exercitationem provident tenetur iusto et temporibus ut veritatis.'),(93583202,'Expedita ut esse repellat omnis officia enim.'),(417727,'Facere maiores itaque facilis.'),(3435632,'Facilis vel doloremque voluptatem consectetur.'),(152,'Fuga similique voluptas atque labore neque omnis.'),(653999,'Harum et odio et ut pariatur aliquam aperiam.'),(261,'Hic molestias temporibus earum aut atque ad fugiat.'),(997,'Id quia neque sint minus voluptas omnis.'),(3767,'Ipsa voluptas ducimus asperiores sapiente.'),(814755,'Ipsum doloremque commodi fugit et reiciendis.'),(9248,'Itaque similique autem et harum quis natus rerum velit.'),(14587930,'Iusto repellat omnis eveniet atque magni minima.'),(733607328,'Laboriosam ut tempore dolores vel.'),(370590,'Libero accusamus id aspernatur enim.'),(577677,'Maxime est omnis totam impedit qui.'),(52314220,'Minima delectus ea temporibus eaque qui consequatur pariatur.'),(993,'Molestias est sunt corrupti omnis voluptatum quas ipsa.'),(13450655,'Necessitatibus in aspernatur enim enim sunt iusto debitis.'),(19446,'Nemo ut omnis reprehenderit minima repellat omnis numquam est.'),(9568331,'Non aut facere omnis et ratione eum fugiat perspiciatis.'),(2837,'Odio laborum quo non quae adipisci.'),(566,'Officia molestias reprehenderit dolores et deserunt suscipit omnis quidem.'),(41791,'Optio eligendi sit quidem ut assumenda illum.'),(951497296,'Pariatur vero omnis velit perferendis voluptas.'),(4834,'Perspiciatis aliquam laborum neque soluta aliquid enim.'),(5395584,'Placeat distinctio itaque et voluptatem placeat ipsa.'),(7460,'Placeat id laudantium nesciunt rerum quae pariatur.'),(79633,'Possimus vero et qui iure ut.'),(712,'Provident doloremque quod quia odio.'),(75721,'Quae molestiae voluptates id in accusantium.'),(149550215,'Quasi perspiciatis dignissimos voluptas repellendus.'),(326006119,'Qui eligendi similique molestias repellendus recusandae autem non totam.'),(534044743,'Qui hic praesentium voluptate reiciendis.'),(646252,'Quis quaerat neque alias cumque.'),(2320945,'Quod impedit iusto corrupti aspernatur consequatur ipsam.'),(779,'Ratione excepturi alias voluptatibus dolor veniam.'),(804,'Rem et consequatur enim nobis cupiditate consequatur incidunt.'),(66124151,'Repudiandae tenetur est accusamus et aperiam velit sed.'),(12595,'Rerum labore molestiae sint eos assumenda.'),(95997,'Sapiente ut dolores quod molestiae.'),(625408645,'Sequi laboriosam rerum aut perspiciatis.'),(7418213,'Similique qui hic aut est sequi dolorem.'),(9698827,'Similique sed eos reiciendis.'),(51598,'Sint possimus in aut dolorem optio.'),(51786172,'Sit voluptas dicta voluptas.'),(992307,'Soluta doloribus aut assumenda corrupti natus aut vel.'),(860,'Sunt culpa consequatur et quia vel omnis quae dolorem.'),(6,'Sunt voluptas molestiae rerum fugit.'),(3941982,'Tempore est architecto odit animi vitae praesentium tenetur.'),(467628287,'Temporibus ab voluptatem sint eum.'),(27,'Temporibus ut quidem ut ipsa.'),(736848778,'Totam alias at consequatur non cupiditate accusamus modi.'),(868,'Totam corporis omnis tempore et.'),(13666,'Unde natus nobis et incidunt expedita nostrum amet.'),(8985,'Ut praesentium doloremque aut dolor.'),(7220241,'Ut repellat alias sequi maxime.'),(8364,'Ut sapiente labore magnam beatae est ea at.'),(594290,'Vel eaque aliquid dolores.'),(26685441,'Vel est dolor ut molestiae consequatur pariatur tempore libero.'),(142,'Vel in error recusandae nihil praesentium cum.'),(95,'Vel natus ut quo velit vero eos.'),(734403509,'Vel non ratione nulla quo distinctio ratione.'),(627,'Velit tempora voluptatem voluptatem odit provident enim.'),(5053242,'Vitae incidunt facilis quia architecto nihil.'),(1532,'Voluptas dolorem quis quis illo ea.'),(5,'Voluptas sed unde fuga sed ut nam.'),(373633083,'Voluptatem atque blanditiis iusto.'),(15899420,'Voluptatem et temporibus enim nostrum neque natus sapiente.'),(7212626,'Voluptatem suscipit quis ullam laudantium delectus aperiam.'),(3,'Voluptatem temporibus expedita quas vitae.');
/*!40000 ALTER TABLE `roles` ENABLE KEYS */;
UNLOCK TABLES;

--
-- Table structure for table `users`
--

DROP TABLE IF EXISTS `users`;
/*!40101 SET @saved_cs_client     = @@character_set_client */;
/*!50503 SET character_set_client = utf8mb4 */;
CREATE TABLE `users` (
  `id` int unsigned NOT NULL AUTO_INCREMENT COMMENT 'Идентификатор строки',
  `username` varchar(50) DEFAULT NULL,
  `email` varchar(100) NOT NULL COMMENT 'Почта',
  `phone` varchar(100) NOT NULL COMMENT 'Телефон',
  `created_at` datetime DEFAULT CURRENT_TIMESTAMP COMMENT 'Время создания строки',
  `updated_at` datetime DEFAULT CURRENT_TIMESTAMP ON UPDATE CURRENT_TIMESTAMP COMMENT 'Время обновления строки',
  PRIMARY KEY (`id`),
  UNIQUE KEY `email` (`email`),
  UNIQUE KEY `phone` (`phone`),
  UNIQUE KEY `username` (`username`)
) ENGINE=InnoDB AUTO_INCREMENT=101 DEFAULT CHARSET=utf8mb4 COLLATE=utf8mb4_0900_ai_ci COMMENT='Таблица пользователей';
/*!40101 SET character_set_client = @saved_cs_client */;

--
-- Dumping data for table `users`
--

LOCK TABLES `users` WRITE;
/*!40000 ALTER TABLE `users` DISABLE KEYS */;
INSERT INTO `users` VALUES (1,'ebert.alden','hahn.fredy@example.net','+16(3)0040775933','1986-01-02 14:04:50','2013-09-27 17:25:45'),(2,'hammes.kristian','maritza.walker@example.net','688-611-6596x884','1974-08-02 14:41:34','1999-01-31 17:47:29'),(3,'micaela.hagenes','lrussel@example.org','(669)554-9989x931','1970-05-02 14:47:58','2000-12-05 04:40:36'),(4,'osborne.heidenreich','auer.henderson@example.net','199-091-1331x21189','1999-08-10 18:29:38','2000-03-20 03:08:47'),(5,'christian.kling','vena.volkman@example.org','(559)024-1027x74978','1979-09-25 08:45:07','2003-04-07 03:56:32'),(6,'zfritsch','ludie69@example.net','(553)299-5335','2007-10-27 21:20:19','2007-12-06 15:56:29'),(7,'russell.powlowski','pfeffer.theresa@example.net','052-095-5668','1996-01-27 22:35:52','1989-02-05 08:59:09'),(8,'ahmed23','zjacobs@example.org','+47(4)1991646006','2014-09-30 08:43:57','1997-11-20 17:29:49'),(9,'gayle.reynolds','braun.otilia@example.net','882-698-2418x50586','1989-04-14 18:13:56','1983-03-06 16:12:19'),(10,'johnston.gust','hgoodwin@example.com','342-743-4047x00163','2002-05-19 21:45:21','1995-09-11 01:12:51'),(11,'doyle.korbin','sipes.monroe@example.com','444-529-7473x354','1987-08-21 23:16:17','1982-08-04 00:26:31'),(12,'kdare','bayer.giles@example.net','(399)682-2442x483','2009-12-10 02:07:09','1970-06-21 03:26:01'),(13,'herman.birdie','dayne.dach@example.net','210.676.6353x316','2021-02-03 02:42:50','1973-07-13 01:18:45'),(14,'upton.lamont','feil.josefa@example.org','+02(4)3276022207','1982-08-04 14:17:32','1973-12-30 08:27:51'),(15,'fae58','ebert.reinhold@example.net','650-493-8068','1972-07-30 23:28:48','1989-03-16 06:28:55'),(16,'emclaughlin','alessandra64@example.net','05952129036','1970-03-27 03:38:48','1978-04-02 14:10:56'),(17,'jdibbert','edward40@example.org','1-993-089-0581x62240','2013-09-12 14:43:43','1994-11-14 18:43:15'),(18,'cassie78','alexandre.emard@example.org','368-652-2656x21528','2016-03-18 13:25:57','2018-06-27 06:18:28'),(19,'dave13','bailey.ottis@example.com','477.777.2523x491','1990-02-23 01:00:49','2005-01-09 14:12:25'),(20,'bkertzmann','lenore76@example.com','410.178.2211x730','2020-10-04 23:27:56','1992-08-03 07:52:44'),(21,'gwisozk','ereynolds@example.com','(372)678-0801x1694','2007-10-07 14:33:32','2010-07-27 22:25:45'),(22,'thagenes','jody.west@example.org','(549)000-9042','1991-03-12 17:01:02','2017-03-20 22:46:20'),(23,'rosenbaum.leonor','gkohler@example.net','127.676.5168x9104','1972-03-12 00:35:18','2002-01-30 16:51:39'),(24,'hansen.nelson','litzy06@example.net','727.258.8108x4272','1994-07-19 15:42:15','1980-11-04 06:09:41'),(25,'carli.volkman','carissa36@example.org','+87(5)6987899100','2002-08-01 19:21:18','1999-07-09 03:48:47'),(26,'feeney.ed','hickle.velda@example.org','703-823-2104x776','1994-04-20 18:12:37','1974-02-07 20:14:31'),(27,'ohaley','dejuan54@example.net','089.108.2845','1989-09-27 01:50:36','2015-11-16 13:13:52'),(28,'nolan.mante','aemard@example.com','(172)139-0421x515','1979-02-20 12:51:10','1979-03-14 01:07:40'),(29,'brennon.botsford','tevin67@example.org','(424)984-2917x6054','1988-11-29 01:03:30','1983-10-17 00:29:10'),(30,'ryann16','xmcdermott@example.net','05630248580','2006-11-28 06:17:53','2009-04-07 02:34:01'),(31,'merlin48','pasquale.bechtelar@example.net','671-309-4563x7195','1984-07-07 02:25:31','1985-01-21 03:12:10'),(32,'ahirthe','brock.wilkinson@example.com','1-403-360-9709','1975-04-04 06:13:12','2014-04-06 06:57:18'),(33,'goyette.vernie','crona.leonora@example.com','049.009.1455x85270','1973-10-10 05:40:51','1978-09-07 19:25:12'),(34,'arno98','noelia11@example.net','06713453128','2006-05-29 06:47:25','1999-10-30 19:11:23'),(35,'mhyatt','harris.christelle@example.net','748.094.5750x663','1985-10-01 04:25:02','1983-06-22 14:57:43'),(36,'gklein','jeramie.gutkowski@example.org','739.910.4351x865','1992-03-18 19:22:53','1988-08-27 04:56:51'),(37,'gerlach.janelle','amanda03@example.net','128-556-8700','1975-12-01 22:36:11','2004-12-17 08:59:21'),(38,'dorris33','turner.clementine@example.com','1-709-368-8236x6817','1984-03-27 19:57:39','1991-06-29 11:27:00'),(39,'beahan.gordon','orlo.luettgen@example.net','(791)848-8673x74966','1994-12-26 15:44:17','1980-06-12 08:24:18'),(40,'umetz','octavia.stark@example.com','030-906-5490','2003-04-02 22:56:57','2013-02-20 09:18:27'),(41,'micaela.ledner','fritsch.oceane@example.org','992-388-6974x919','1985-11-08 00:16:27','1988-11-01 12:58:12'),(42,'vivian40','ben.berge@example.org','+32(3)7443404265','1973-10-09 15:34:50','1999-05-20 12:24:45'),(43,'eldridge.fisher','destiny06@example.org','899.877.2801','1977-03-02 21:09:37','1998-12-13 13:01:06'),(44,'ffeil','glenna73@example.com','399-512-7088x287','2003-12-15 02:59:07','1973-02-14 20:32:33'),(45,'sschneider','otho56@example.org','(483)003-9284x544','1980-06-01 08:26:26','2021-05-07 18:38:23'),(46,'travis72','hhickle@example.com','(564)028-7483','1992-12-03 21:17:53','1994-02-10 08:54:13'),(47,'leora93','phuel@example.com','(319)632-5882x57322','1970-12-17 12:43:32','1982-05-28 17:58:28'),(48,'leannon.lacy','gretchen.harris@example.org','1-752-803-3288x560','1975-01-03 03:16:42','1982-03-08 15:13:28'),(49,'amarquardt','feeney.lavina@example.net','755.276.5344','2008-06-29 17:58:55','2015-09-27 20:32:32'),(50,'laurianne30','abartell@example.org','(900)721-4580','1998-06-23 04:34:38','2012-12-24 17:45:24'),(51,'sgislason','uthiel@example.com','09369366233','2012-05-17 13:41:21','1996-01-16 07:58:03'),(52,'mchristiansen','audreanne80@example.com','+96(7)2219100882','2021-08-05 08:50:41','2018-04-10 12:46:27'),(53,'maybell60','ara80@example.net','1-780-194-5912','2006-06-11 00:22:49','1971-05-19 21:10:30'),(54,'kenny.streich','vwolf@example.com','1-172-019-6942x4755','1996-03-17 06:55:00','1984-08-01 21:34:29'),(55,'terry.tevin','howe.anne@example.net','1-918-472-4442x582','1975-08-20 07:00:36','2009-12-07 02:23:56'),(56,'boberbrunner','ibeatty@example.net','(673)330-8413','2013-07-23 04:17:22','1975-01-05 20:28:58'),(57,'osvaldo.beahan','wolf.devon@example.com','(812)546-3174x007','2013-12-13 12:42:26','1970-02-02 08:20:28'),(58,'talia.lockman','xbogisich@example.org','(045)703-4854','2001-11-11 22:45:03','1970-07-19 23:48:00'),(59,'jordon36','carey.walter@example.org','1-996-585-6699','2017-01-03 04:31:44','1984-09-25 17:13:17'),(60,'jessika.hudson','sharon.beahan@example.com','261-193-8460','1970-12-24 00:31:59','1989-07-22 11:18:18'),(61,'anissa.kihn','branson84@example.org','(583)987-1814x8607','1990-11-29 01:22:51','1972-02-05 15:15:51'),(62,'satterfield.ephraim','hettinger.myra@example.com','01338666136','2000-06-15 11:46:22','2007-10-27 00:29:45'),(63,'alvera.moore','everette.luettgen@example.com','+77(6)3066761102','1973-08-23 13:30:25','2000-07-17 15:29:00'),(64,'vweimann','stroman.phoebe@example.org','867-143-2959x8825','2015-07-13 02:38:34','1984-12-08 03:11:42'),(65,'tmorar','jared.rohan@example.net','+03(8)6693651506','1975-05-10 11:45:36','2004-08-24 17:47:13'),(66,'tillman.magali','xmante@example.com','874-917-1279x3518','2004-12-12 10:38:06','1976-02-19 23:26:21'),(67,'antonina31','jaylan62@example.org','727.881.6277x1031','2017-03-20 03:56:06','2002-02-26 01:52:59'),(68,'zoie.koch','nmuller@example.org','(486)151-3587','2003-05-12 05:12:31','1988-06-06 15:25:48'),(69,'collier.berta','queen35@example.com','(107)219-1153x13840','2007-02-18 08:16:11','1977-09-06 09:29:12'),(70,'jjenkins','lincoln.schuppe@example.com','1-352-281-0112x80094','1998-08-10 12:37:00','1985-08-03 22:00:57'),(71,'casper.jovanny','raymundo.orn@example.org','697-063-4851x3534','2021-03-17 01:55:39','1982-01-24 22:53:13'),(72,'runolfsdottir.dante','dauer@example.org','+98(4)5733681003','1987-12-28 13:57:23','2012-01-11 12:36:30'),(73,'macy00','herman.reina@example.org','+96(5)4142723691','1994-09-15 13:19:39','1992-03-03 14:37:44'),(74,'hester21','gertrude.barton@example.net','850-715-0781x720','1990-07-05 12:12:21','1976-04-04 16:54:28'),(75,'ykerluke','waelchi.micheal@example.org','1-985-077-4166','2013-06-19 04:49:59','1997-04-19 05:29:54'),(76,'lorena82','gibson.elta@example.org','07717842398','2018-07-31 05:16:38','2009-10-02 05:09:07'),(77,'iparker','egleason@example.org','(404)758-9222x503','1997-05-14 06:47:45','1974-06-28 09:03:09'),(78,'mdaniel','ahmad67@example.org','03218760916','2002-10-19 21:28:30','1994-03-07 20:19:37'),(79,'abernathy.davin','margarita.lind@example.org','(483)535-6716x60655','2000-10-09 10:35:22','2000-08-02 05:19:05'),(80,'djohns','ethyl43@example.com','+96(5)4424551056','2002-04-21 15:35:53','1986-11-22 10:22:25'),(81,'jaeden54','wisozk.herbert@example.com','749-927-5331','1992-11-04 00:57:00','1990-12-14 04:33:08'),(82,'shanie.quigley','cebert@example.com','(674)881-9608','2016-10-13 00:08:18','1987-05-08 18:13:17'),(83,'micheal68','conner84@example.com','+87(9)0851547612','1990-10-11 03:50:21','1997-09-25 11:24:21'),(84,'christiansen.maxwell','buster39@example.com','890.160.9168','2004-08-18 21:42:24','1980-12-24 06:51:05'),(85,'amiya.hackett','lakin.gerry@example.com','1-165-647-0368x45687','1981-12-31 00:07:55','1975-01-08 03:46:31'),(86,'nconnelly','jkub@example.net','057-551-5749x52330','1977-02-21 07:40:34','2012-11-03 08:16:46'),(87,'frank.reinger','romaine.barrows@example.net','(543)228-4162x95114','1982-02-09 20:30:02','1971-02-17 22:00:03'),(88,'mglover','xavier.crona@example.org','509-733-6951','2002-05-15 01:45:33','1986-06-18 17:15:45'),(89,'kihn.rebecca','hermann.pacocha@example.com','(914)504-6340','1974-05-14 11:19:41','1983-06-18 22:00:33'),(90,'ikris','brady74@example.org','699-012-5300','1998-12-07 06:15:08','1977-05-23 20:33:57'),(91,'kunze.rosalee','jayde.schowalter@example.com','+94(3)0212960560','2021-01-25 04:22:19','2004-07-13 01:46:52'),(92,'dgusikowski','purdy.alena@example.com','544.311.1652x9895','1999-04-25 23:54:43','2002-01-14 23:16:11'),(93,'marlen.mayer','ochristiansen@example.com','07498353068','1987-09-26 23:30:17','1994-03-31 10:58:08'),(94,'cstamm','mallory.mitchell@example.net','291.437.4531','2019-10-30 06:26:08','1978-09-19 15:03:30'),(95,'hector.kemmer','jvonrueden@example.org','05275974231','1986-06-02 14:21:03','1980-01-05 08:42:23'),(96,'velva78','grant.conroy@example.net','+60(8)5017470727','1988-12-24 12:10:44','1973-12-09 13:56:06'),(97,'irosenbaum','quinton.lebsack@example.net','1-472-594-6487','2008-11-13 18:43:40','1975-08-24 06:03:05'),(98,'favian.harber','blair37@example.org','(736)118-4615x53738','2001-01-24 05:37:39','1975-05-23 03:55:15'),(99,'alexander95','dietrich.kane@example.com','1-352-530-5555','1991-05-05 11:41:07','2016-01-04 03:42:59'),(100,'heloise24','htrantow@example.com','284-058-2715','2014-09-08 00:52:28','2020-05-10 13:36:47');
/*!40000 ALTER TABLE `users` ENABLE KEYS */;
UNLOCK TABLES;
/*!40103 SET TIME_ZONE=@OLD_TIME_ZONE */;

/*!40101 SET SQL_MODE=@OLD_SQL_MODE */;
/*!40014 SET FOREIGN_KEY_CHECKS=@OLD_FOREIGN_KEY_CHECKS */;
/*!40014 SET UNIQUE_CHECKS=@OLD_UNIQUE_CHECKS */;
/*!40101 SET CHARACTER_SET_CLIENT=@OLD_CHARACTER_SET_CLIENT */;
/*!40101 SET CHARACTER_SET_RESULTS=@OLD_CHARACTER_SET_RESULTS */;
/*!40101 SET COLLATION_CONNECTION=@OLD_COLLATION_CONNECTION */;
/*!40111 SET SQL_NOTES=@OLD_SQL_NOTES */;

-- Dump completed on 2021-08-11  9:23:14
